Year,Week,Tier,Division,TeamA,TeamB,TeamASeed,TeamBSeed,Notes,Rivalry
2026,1,1,Premier League,Duke,Florida State,2,6,NPL,
2026,1,1,Premier League,Virginia Tech,Miami (FL),4,5,NPL,
2026,1,1,Premier League,Texas Tech,Navy,12,3,NPL,
2026,1,1,Premier League,LSU,Washington State,16,14,NPL,
2026,1,1,Premier League,Purdue,Florida,9,17,NPL,
2026,1,1,Premier League,Kansas State,Washington,11,13,NPL,
2026,1,1,Premier League,Georgia,TCU,18,10,NPL,
2026,1,1,Premier League,Missouri,Ohio State,1,7,NPL,
2026,1,1,Premier League,Rutgers,Utah,8,15,NPL,
2026,2,1,Premier League,Ohio State,Washington,7,13,NPL,
2026,2,1,Premier League,Miami (FL),Georgia,5,18,NPL,
2026,2,1,Premier League,Utah,LSU,15,16,NPL,
2026,2,1,Premier League,TCU,Texas Tech,10,12,NPL,
2026,2,1,Premier League,Virginia Tech,Duke,4,2,NPL,
2026,2,1,Premier League,Navy,Purdue,3,9,NPL,
2026,2,1,Premier League,Florida,Kansas State,17,11,NPL,
2026,2,1,Premier League,Florida State,Rutgers,6,8,NPL,
2026,2,1,Premier League,Washington State,Missouri,14,1,NPL,
2026,3,1,Premier League,Kansas State,Ohio State,11,7,NPL,
2026,3,1,Premier League,Duke,Georgia,2,18,NPL,
2026,3,1,Premier League,Washington,Washington State,13,14,NPL,
2026,3,1,Premier League,Missouri,Utah,1,15,NPL,
2026,3,1,Premier League,Florida,Navy,17,3,NPL,
2026,3,1,Premier League,Texas Tech,Miami (FL),12,5,NPL,
2026,3,1,Premier League,LSU,Florida State,16,6,NPL,
2026,3,1,Premier League,Rutgers,Virginia Tech,8,4,NPL,
2026,3,1,Premier League,Purdue,TCU,9,10,NPL,
2026,4,1,Premier League,TCU,Florida,10,17,NPL,
2026,4,1,Premier League,Virginia Tech,LSU,4,16,NPL,
2026,4,1,Premier League,Miami (FL),Purdue,5,9,NPL,
2026,4,1,Premier League,Utah,Washington,15,13,NPL,
2026,4,1,Premier League,Georgia,Rutgers,18,8,NPL,
2026,4,1,Premier League,Texas Tech,Duke,12,2,NPL,
2026,4,1,Premier League,Navy,Kansas State,3,11,NPL,
2026,4,1,Premier League,Washington State,Ohio State,14,7,NPL,
2026,4,1,Premier League,Florida State,Missouri,6,1,NPL,
2026,5,1,Premier League,Washington,Florida State,13,6,NPL,
2026,5,1,Premier League,Ohio State,Utah,7,15,NPL,
2026,5,1,Premier League,Missouri,Virginia Tech,1,4,NPL,
2026,5,1,Premier League,Navy,TCU,3,10,NPL,
2026,5,1,Premier League,Florida,Miami (FL),17,5,NPL,
2026,5,1,Premier League,Kansas State,Washington State,11,14,NPL,
2026,5,1,Premier League,Duke,Purdue,2,9,NPL,
2026,5,1,Premier League,Rutgers,Texas Tech,8,12,NPL,
2026,5,1,Premier League,LSU,Georgia,16,18,NPL,
2026,6,1,Premier League,Purdue,Rutgers,9,8,NPL,
2026,6,1,Premier League,TCU,Kansas State,10,11,NPL,
2026,6,1,Premier League,Miami (FL),Navy,5,3,NPL,
2026,6,1,Premier League,Florida,Duke,17,2,NPL,
2026,6,1,Premier League,Virginia Tech,Washington,4,13,NPL,
2026,6,1,Premier League,Texas Tech,LSU,12,16,NPL,
2026,6,1,Premier League,Utah,Washington State,15,14,NPL,
2026,6,1,Premier League,Florida State,Ohio State,6,7,NPL,
2026,6,1,Premier League,Georgia,Missouri,18,1,NPL,
2026,7,1,Premier League,Washington,Georgia,13,18,NPL,
2026,7,1,Premier League,LSU,Purdue,16,9,NPL,
2026,7,1,Premier League,Kansas State,Utah,11,15,NPL,
2026,7,1,Premier League,Missouri,Texas Tech,1,12,NPL,
2026,7,1,Premier League,TCU,Miami (FL),10,5,NPL,
2026,7,1,Premier League,Washington State,Florida State,14,6,NPL,
2026,7,1,Premier League,Duke,Navy,2,3,NPL,
2026,7,1,Premier League,Rutgers,Florida,8,17,NPL,
2026,7,1,Premier League,Ohio State,Virginia Tech,7,4,NPL,
2026,8,1,Premier League,Texas Tech,Washington,12,13,NPL,
2026,8,1,Premier League,Virginia Tech,Washington State,4,14,NPL,
2026,8,1,Premier League,Miami (FL),Kansas State,5,11,NPL,
2026,8,1,Premier League,Purdue,Missouri,9,1,NPL,
2026,8,1,Premier League,Florida State,Utah,6,15,NPL,
2026,8,1,Premier League,Florida,LSU,17,16,NPL,
2026,8,1,Premier League,Navy,Rutgers,3,8,NPL,
2026,8,1,Premier League,Georgia,Ohio State,18,7,NPL,
2026,8,1,Premier League,TCU,Duke,10,2,NPL,
2026,9,1,Premier League,Rutgers,TCU,8,10,NPL,
2026,9,1,Premier League,Utah,Virginia Tech,15,4,NPL,
2026,9,1,Premier League,Washington State,Georgia,14,18,NPL,
2026,9,1,Premier League,Ohio State,Texas Tech,7,12,NPL,
2026,9,1,Premier League,Kansas State,Florida State,11,6,NPL,
2026,9,1,Premier League,Washington,Purdue,13,9,NPL,
2026,9,1,Premier League,Missouri,Florida,1,17,NPL,
2026,9,1,Premier League,Duke,Miami (FL),2,5,NPL,
2026,9,1,Premier League,LSU,Navy,16,3,NPL,
2026,10,1,Premier League,Texas Tech,Washington State,12,14,NPL,
2026,10,1,Premier League,Virginia Tech,Florida State,4,6,NPL,
2026,10,1,Premier League,Navy,Missouri,3,1,NPL,
2026,10,1,Premier League,Florida,Washington,17,13,NPL,
2026,10,1,Premier League,Georgia,Utah,18,15,NPL,
2026,10,1,Premier League,Duke,Kansas State,2,11,NPL,
2026,10,1,Premier League,Purdue,Ohio State,9,7,NPL,
2026,10,1,Premier League,TCU,LSU,10,16,NPL,
2026,10,1,Premier League,Miami (FL),Rutgers,5,8,NPL,
2026,11,1,Premier League,Missouri,TCU,1,10,NPL,
2026,11,1,Premier League,Washington State,Purdue,14,9,NPL,
2026,11,1,Premier League,Florida State,Georgia,6,18,NPL,
2026,11,1,Premier League,Rutgers,Duke,8,2,NPL,
2026,11,1,Premier League,Kansas State,Virginia Tech,11,4,NPL,
2026,11,1,Premier League,LSU,Miami (FL),16,5,NPL,
2026,11,1,Premier League,Utah,Texas Tech,15,12,NPL,
2026,11,1,Premier League,Ohio State,Florida,7,17,NPL,
2026,11,1,Premier League,Washington,Navy,13,3,NPL,
2026,12,1,Premier League,Duke,LSU,2,16,NPL,
2026,12,1,Premier League,Miami (FL),Missouri,5,1,NPL,
2026,12,1,Premier League,Georgia,Virginia Tech,18,4,NPL,
2026,12,1,Premier League,Florida,Washington State,17,14,NPL,
2026,12,1,Premier League,Purdue,Utah,9,15,NPL,
2026,12,1,Premier League,TCU,Washington,10,13,NPL,
2026,12,1,Premier League,Rutgers,Kansas State,8,11,NPL,
2026,12,1,Premier League,Navy,Ohio State,3,7,NPL,
2026,12,1,Premier League,Texas Tech,Florida State,12,6,NPL,
2026,13,1,Premier League,Florida State,Purdue,6,9,NPL,
2026,13,1,Premier League,Ohio State,TCU,7,10,NPL,
2026,13,1,Premier League,Missouri,Duke,1,2,NPL,
2026,13,1,Premier League,Washington,Miami (FL),13,5,NPL,
2026,13,1,Premier League,Virginia Tech,Texas Tech,4,12,NPL,
2026,13,1,Premier League,Utah,Florida,15,17,NPL,
2026,13,1,Premier League,LSU,Rutgers,16,8,NPL,
2026,13,1,Premier League,Kansas State,Georgia,11,18,NPL,
2026,13,1,Premier League,Washington State,Navy,14,3,NPL,
2026,14,1,Premier League,Navy,Utah,3,15,NPL,
2026,14,1,Premier League,Purdue,Virginia Tech,9,4,NPL,
2026,14,1,Premier League,Texas Tech,Georgia,12,18,NPL,
2026,14,1,Premier League,Miami (FL),Ohio State,5,7,NPL,
2026,14,1,Premier League,Florida,Florida State,17,6,NPL,
2026,14,1,Premier League,Rutgers,Missouri,8,1,NPL,
2026,14,1,Premier League,TCU,Washington State,10,14,NPL,
2026,14,1,Premier League,Duke,Washington,2,13,NPL,
2026,14,1,Premier League,LSU,Kansas State,16,11,NPL,
2026,15,1,Premier League,Florida State,Navy,6,3,NPL,
2026,15,1,Premier League,Virginia Tech,Florida,4,17,NPL,
2026,15,1,Premier League,Washington State,Miami (FL),14,5,NPL,
2026,15,1,Premier League,Missouri,LSU,1,16,NPL,
2026,15,1,Premier League,Kansas State,Texas Tech,11,12,NPL,
2026,15,1,Premier League,Ohio State,Duke,7,2,NPL,
2026,15,1,Premier League,Georgia,Purdue,18,9,NPL,
2026,15,1,Premier League,Utah,TCU,15,10,NPL,
2026,15,1,Premier League,Washington,Rutgers,13,8,NPL,
2026,16,1,Premier League,Navy,Virginia Tech,3,4,NPL,
2026,16,1,Premier League,Rutgers,Ohio State,8,7,NPL,
2026,16,1,Premier League,LSU,Washington,16,13,NPL,
2026,16,1,Premier League,Missouri,Kansas State,1,11,NPL,
2026,16,1,Premier League,TCU,Florida State,10,6,NPL,
2026,16,1,Premier League,Duke,Washington State,2,14,NPL,
2026,16,1,Premier League,Miami (FL),Utah,5,15,NPL,
2026,16,1,Premier League,Purdue,Texas Tech,9,12,NPL,
2026,16,1,Premier League,Florida,Georgia,17,18,NPL,
2026,17,1,Premier League,Washington State,Rutgers,14,8,NPL,
2026,17,1,Premier League,Kansas State,Purdue,11,9,NPL,
2026,17,1,Premier League,Washington,Missouri,13,1,NPL,
2026,17,1,Premier League,Georgia,Navy,18,3,NPL,
2026,17,1,Premier League,Florida State,Miami (FL),6,5,NPL,
2026,17,1,Premier League,Texas Tech,Florida,12,17,NPL,
2026,17,1,Premier League,Ohio State,LSU,7,16,NPL,
2026,17,1,Premier League,Virginia Tech,TCU,4,10,NPL,
2026,17,1,Premier League,Utah,Duke,15,2,NPL,
2026,1,2,Champions League,Wisconsin,Syracuse,2,6,NPL,
2026,1,2,Champions League,Pitt,NC State,4,5,NPL,
2026,1,2,Champions League,Houston,Southern Methodist,12,3,NPL,
2026,1,2,Champions League,Kentucky,UCLA,16,14,NPL,
2026,1,2,Champions League,Michigan,Mississippi State,9,17,NPL,
2026,1,2,Champions League,Kansas,Oregon,11,13,NPL,
2026,1,2,Champions League,Arkansas,BYU,18,10,NPL,
2026,1,2,Champions League,Army,Illinois,1,7,NPL,
2026,1,2,Champions League,Indiana,Arizona,8,15,NPL,
2026,2,2,Champions League,Illinois,Oregon,7,13,NPL,
2026,2,2,Champions League,NC State,Arkansas,5,18,NPL,
2026,2,2,Champions League,Arizona,Kentucky,15,16,NPL,
2026,2,2,Champions League,BYU,Houston,10,12,NPL,
2026,2,2,Champions League,Pitt,Wisconsin,4,2,NPL,
2026,2,2,Champions League,Southern Methodist,Michigan,3,9,NPL,
2026,2,2,Champions League,Mississippi State,Kansas,17,11,NPL,
2026,2,2,Champions League,Syracuse,Indiana,6,8,NPL,
2026,2,2,Champions League,UCLA,Army,14,1,NPL,
2026,3,2,Champions League,Kansas,Illinois,11,7,NPL,
2026,3,2,Champions League,Wisconsin,Arkansas,2,18,NPL,
2026,3,2,Champions League,Oregon,UCLA,13,14,NPL,
2026,3,2,Champions League,Army,Arizona,1,15,NPL,
2026,3,2,Champions League,Mississippi State,Southern Methodist,17,3,NPL,
2026,3,2,Champions League,Houston,NC State,12,5,NPL,
2026,3,2,Champions League,Kentucky,Syracuse,16,6,NPL,
2026,3,2,Champions League,Indiana,Pitt,8,4,NPL,
2026,3,2,Champions League,Michigan,BYU,9,10,NPL,
2026,4,2,Champions League,BYU,Mississippi State,10,17,NPL,
2026,4,2,Champions League,Pitt,Kentucky,4,16,NPL,
2026,4,2,Champions League,NC State,Michigan,5,9,NPL,
2026,4,2,Champions League,Arizona,Oregon,15,13,NPL,
2026,4,2,Champions League,Arkansas,Indiana,18,8,NPL,
2026,4,2,Champions League,Houston,Wisconsin,12,2,NPL,
2026,4,2,Champions League,Southern Methodist,Kansas,3,11,NPL,
2026,4,2,Champions League,UCLA,Illinois,14,7,NPL,
2026,4,2,Champions League,Syracuse,Army,6,1,NPL,
2026,5,2,Champions League,Oregon,Syracuse,13,6,NPL,
2026,5,2,Champions League,Illinois,Arizona,7,15,NPL,
2026,5,2,Champions League,Army,Pitt,1,4,NPL,
2026,5,2,Champions League,Southern Methodist,BYU,3,10,NPL,
2026,5,2,Champions League,Mississippi State,NC State,17,5,NPL,
2026,5,2,Champions League,Kansas,UCLA,11,14,NPL,
2026,5,2,Champions League,Wisconsin,Michigan,2,9,NPL,
2026,5,2,Champions League,Indiana,Houston,8,12,NPL,
2026,5,2,Champions League,Kentucky,Arkansas,16,18,NPL,
2026,6,2,Champions League,Michigan,Indiana,9,8,NPL,
2026,6,2,Champions League,BYU,Kansas,10,11,NPL,
2026,6,2,Champions League,NC State,Southern Methodist,5,3,NPL,
2026,6,2,Champions League,Mississippi State,Wisconsin,17,2,NPL,
2026,6,2,Champions League,Pitt,Oregon,4,13,NPL,
2026,6,2,Champions League,Houston,Kentucky,12,16,NPL,
2026,6,2,Champions League,Arizona,UCLA,15,14,NPL,
2026,6,2,Champions League,Syracuse,Illinois,6,7,NPL,
2026,6,2,Champions League,Arkansas,Army,18,1,NPL,
2026,7,2,Champions League,Oregon,Arkansas,13,18,NPL,
2026,7,2,Champions League,Kentucky,Michigan,16,9,NPL,
2026,7,2,Champions League,Kansas,Arizona,11,15,NPL,
2026,7,2,Champions League,Army,Houston,1,12,NPL,
2026,7,2,Champions League,BYU,NC State,10,5,NPL,
2026,7,2,Champions League,UCLA,Syracuse,14,6,NPL,
2026,7,2,Champions League,Wisconsin,Southern Methodist,2,3,NPL,
2026,7,2,Champions League,Indiana,Mississippi State,8,17,NPL,
2026,7,2,Champions League,Illinois,Pitt,7,4,NPL,
2026,8,2,Champions League,Houston,Oregon,12,13,NPL,
2026,8,2,Champions League,Pitt,UCLA,4,14,NPL,
2026,8,2,Champions League,NC State,Kansas,5,11,NPL,
2026,8,2,Champions League,Michigan,Army,9,1,NPL,
2026,8,2,Champions League,Syracuse,Arizona,6,15,NPL,
2026,8,2,Champions League,Mississippi State,Kentucky,17,16,NPL,
2026,8,2,Champions League,Southern Methodist,Indiana,3,8,NPL,
2026,8,2,Champions League,Arkansas,Illinois,18,7,NPL,
2026,8,2,Champions League,BYU,Wisconsin,10,2,NPL,
2026,9,2,Champions League,Indiana,BYU,8,10,NPL,
2026,9,2,Champions League,Arizona,Pitt,15,4,NPL,
2026,9,2,Champions League,UCLA,Arkansas,14,18,NPL,
2026,9,2,Champions League,Illinois,Houston,7,12,NPL,
2026,9,2,Champions League,Kansas,Syracuse,11,6,NPL,
2026,9,2,Champions League,Oregon,Michigan,13,9,NPL,
2026,9,2,Champions League,Army,Mississippi State,1,17,NPL,
2026,9,2,Champions League,Wisconsin,NC State,2,5,NPL,
2026,9,2,Champions League,Kentucky,Southern Methodist,16,3,NPL,
2026,10,2,Champions League,Houston,UCLA,12,14,NPL,
2026,10,2,Champions League,Pitt,Syracuse,4,6,NPL,
2026,10,2,Champions League,Southern Methodist,Army,3,1,NPL,
2026,10,2,Champions League,Mississippi State,Oregon,17,13,NPL,
2026,10,2,Champions League,Arkansas,Arizona,18,15,NPL,
2026,10,2,Champions League,Wisconsin,Kansas,2,11,NPL,
2026,10,2,Champions League,Michigan,Illinois,9,7,NPL,
2026,10,2,Champions League,BYU,Kentucky,10,16,NPL,
2026,10,2,Champions League,NC State,Indiana,5,8,NPL,
2026,11,2,Champions League,Army,BYU,1,10,NPL,
2026,11,2,Champions League,UCLA,Michigan,14,9,NPL,
2026,11,2,Champions League,Syracuse,Arkansas,6,18,NPL,
2026,11,2,Champions League,Indiana,Wisconsin,8,2,NPL,
2026,11,2,Champions League,Kansas,Pitt,11,4,NPL,
2026,11,2,Champions League,Kentucky,NC State,16,5,NPL,
2026,11,2,Champions League,Arizona,Houston,15,12,NPL,
2026,11,2,Champions League,Illinois,Mississippi State,7,17,NPL,
2026,11,2,Champions League,Oregon,Southern Methodist,13,3,NPL,
2026,12,2,Champions League,Wisconsin,Kentucky,2,16,NPL,
2026,12,2,Champions League,NC State,Army,5,1,NPL,
2026,12,2,Champions League,Arkansas,Pitt,18,4,NPL,
2026,12,2,Champions League,Mississippi State,UCLA,17,14,NPL,
2026,12,2,Champions League,Michigan,Arizona,9,15,NPL,
2026,12,2,Champions League,BYU,Oregon,10,13,NPL,
2026,12,2,Champions League,Indiana,Kansas,8,11,NPL,
2026,12,2,Champions League,Southern Methodist,Illinois,3,7,NPL,
2026,12,2,Champions League,Houston,Syracuse,12,6,NPL,
2026,13,2,Champions League,Syracuse,Michigan,6,9,NPL,
2026,13,2,Champions League,Illinois,BYU,7,10,NPL,
2026,13,2,Champions League,Army,Wisconsin,1,2,NPL,
2026,13,2,Champions League,Oregon,NC State,13,5,NPL,
2026,13,2,Champions League,Pitt,Houston,4,12,NPL,
2026,13,2,Champions League,Arizona,Mississippi State,15,17,NPL,
2026,13,2,Champions League,Kentucky,Indiana,16,8,NPL,
2026,13,2,Champions League,Kansas,Arkansas,11,18,NPL,
2026,13,2,Champions League,UCLA,Southern Methodist,14,3,NPL,
2026,14,2,Champions League,Southern Methodist,Arizona,3,15,NPL,
2026,14,2,Champions League,Michigan,Pitt,9,4,NPL,
2026,14,2,Champions League,Houston,Arkansas,12,18,NPL,
2026,14,2,Champions League,NC State,Illinois,5,7,NPL,
2026,14,2,Champions League,Mississippi State,Syracuse,17,6,NPL,
2026,14,2,Champions League,Indiana,Army,8,1,NPL,
2026,14,2,Champions League,BYU,UCLA,10,14,NPL,
2026,14,2,Champions League,Wisconsin,Oregon,2,13,NPL,
2026,14,2,Champions League,Kentucky,Kansas,16,11,NPL,
2026,15,2,Champions League,Syracuse,Southern Methodist,6,3,NPL,
2026,15,2,Champions League,Pitt,Mississippi State,4,17,NPL,
2026,15,2,Champions League,UCLA,NC State,14,5,NPL,
2026,15,2,Champions League,Army,Kentucky,1,16,NPL,
2026,15,2,Champions League,Kansas,Houston,11,12,NPL,
2026,15,2,Champions League,Illinois,Wisconsin,7,2,NPL,
2026,15,2,Champions League,Arkansas,Michigan,18,9,NPL,
2026,15,2,Champions League,Arizona,BYU,15,10,NPL,
2026,15,2,Champions League,Oregon,Indiana,13,8,NPL,
2026,16,2,Champions League,Southern Methodist,Pitt,3,4,NPL,
2026,16,2,Champions League,Indiana,Illinois,8,7,NPL,
2026,16,2,Champions League,Kentucky,Oregon,16,13,NPL,
2026,16,2,Champions League,Army,Kansas,1,11,NPL,
2026,16,2,Champions League,BYU,Syracuse,10,6,NPL,
2026,16,2,Champions League,Wisconsin,UCLA,2,14,NPL,
2026,16,2,Champions League,NC State,Arizona,5,15,NPL,
2026,16,2,Champions League,Michigan,Houston,9,12,NPL,
2026,16,2,Champions League,Mississippi State,Arkansas,17,18,NPL,
2026,17,2,Champions League,UCLA,Indiana,14,8,NPL,
2026,17,2,Champions League,Kansas,Michigan,11,9,NPL,
2026,17,2,Champions League,Oregon,Army,13,1,NPL,
2026,17,2,Champions League,Arkansas,Southern Methodist,18,3,NPL,
2026,17,2,Champions League,Syracuse,NC State,6,5,NPL,
2026,17,2,Champions League,Houston,Mississippi State,12,17,NPL,
2026,17,2,Champions League,Illinois,Kentucky,7,16,NPL,
2026,17,2,Champions League,Pitt,BYU,4,10,NPL,
2026,17,2,Champions League,Arizona,Wisconsin,15,2,NPL,
2026,1,3,National League Division 1,Boston College,Georgia Tech,2,6,NPL,
2026,1,3,National League Division 1,Wake Forest,UNC,4,5,NPL,
2026,1,3,National League Division 1,Iowa State,Notre Dame,12,3,NPL,
2026,1,3,National League Division 1,Texas A&M,USC,16,14,NPL,
2026,1,3,National League Division 1,Penn State,Alabama,9,17,NPL,
2026,1,3,National League Division 1,Baylor,Stanford,11,13,NPL,
2026,1,3,National League Division 1,Tennessee,West Virginia,18,10,NPL,
2026,1,3,National League Division 1,Auburn,Michigan State,1,7,NPL,
2026,1,3,National League Division 1,Minnesota,Colorado,8,15,NPL,
2026,2,3,National League Division 1,Michigan State,Stanford,7,13,NPL,
2026,2,3,National League Division 1,UNC,Tennessee,5,18,NPL,
2026,2,3,National League Division 1,Colorado,Texas A&M,15,16,NPL,
2026,2,3,National League Division 1,West Virginia,Iowa State,10,12,NPL,
2026,2,3,National League Division 1,Wake Forest,Boston College,4,2,NPL,
2026,2,3,National League Division 1,Notre Dame,Penn State,3,9,NPL,
2026,2,3,National League Division 1,Alabama,Baylor,17,11,NPL,
2026,2,3,National League Division 1,Georgia Tech,Minnesota,6,8,NPL,
2026,2,3,National League Division 1,USC,Auburn,14,1,NPL,
2026,3,3,National League Division 1,Baylor,Michigan State,11,7,NPL,
2026,3,3,National League Division 1,Boston College,Tennessee,2,18,NPL,
2026,3,3,National League Division 1,Stanford,USC,13,14,NPL,
2026,3,3,National League Division 1,Auburn,Colorado,1,15,NPL,
2026,3,3,National League Division 1,Alabama,Notre Dame,17,3,NPL,
2026,3,3,National League Division 1,Iowa State,UNC,12,5,NPL,
2026,3,3,National League Division 1,Texas A&M,Georgia Tech,16,6,NPL,
2026,3,3,National League Division 1,Minnesota,Wake Forest,8,4,NPL,
2026,3,3,National League Division 1,Penn State,West Virginia,9,10,NPL,
2026,4,3,National League Division 1,West Virginia,Alabama,10,17,NPL,
2026,4,3,National League Division 1,Wake Forest,Texas A&M,4,16,NPL,
2026,4,3,National League Division 1,UNC,Penn State,5,9,NPL,
2026,4,3,National League Division 1,Colorado,Stanford,15,13,NPL,
2026,4,3,National League Division 1,Tennessee,Minnesota,18,8,NPL,
2026,4,3,National League Division 1,Iowa State,Boston College,12,2,NPL,
2026,4,3,National League Division 1,Notre Dame,Baylor,3,11,NPL,
2026,4,3,National League Division 1,USC,Michigan State,14,7,NPL,
2026,4,3,National League Division 1,Georgia Tech,Auburn,6,1,NPL,
2026,5,3,National League Division 1,Stanford,Georgia Tech,13,6,NPL,
2026,5,3,National League Division 1,Michigan State,Colorado,7,15,NPL,
2026,5,3,National League Division 1,Auburn,Wake Forest,1,4,NPL,
2026,5,3,National League Division 1,Notre Dame,West Virginia,3,10,NPL,
2026,5,3,National League Division 1,Alabama,UNC,17,5,NPL,
2026,5,3,National League Division 1,Baylor,USC,11,14,NPL,
2026,5,3,National League Division 1,Boston College,Penn State,2,9,NPL,
2026,5,3,National League Division 1,Minnesota,Iowa State,8,12,NPL,
2026,5,3,National League Division 1,Texas A&M,Tennessee,16,18,NPL,
2026,6,3,National League Division 1,Penn State,Minnesota,9,8,NPL,
2026,6,3,National League Division 1,West Virginia,Baylor,10,11,NPL,
2026,6,3,National League Division 1,UNC,Notre Dame,5,3,NPL,
2026,6,3,National League Division 1,Alabama,Boston College,17,2,NPL,
2026,6,3,National League Division 1,Wake Forest,Stanford,4,13,NPL,
2026,6,3,National League Division 1,Iowa State,Texas A&M,12,16,NPL,
2026,6,3,National League Division 1,Colorado,USC,15,14,NPL,
2026,6,3,National League Division 1,Georgia Tech,Michigan State,6,7,NPL,
2026,6,3,National League Division 1,Tennessee,Auburn,18,1,NPL,
2026,7,3,National League Division 1,Stanford,Tennessee,13,18,NPL,
2026,7,3,National League Division 1,Texas A&M,Penn State,16,9,NPL,
2026,7,3,National League Division 1,Baylor,Colorado,11,15,NPL,
2026,7,3,National League Division 1,Auburn,Iowa State,1,12,NPL,
2026,7,3,National League Division 1,West Virginia,UNC,10,5,NPL,
2026,7,3,National League Division 1,USC,Georgia Tech,14,6,NPL,
2026,7,3,National League Division 1,Boston College,Notre Dame,2,3,NPL,
2026,7,3,National League Division 1,Minnesota,Alabama,8,17,NPL,
2026,7,3,National League Division 1,Michigan State,Wake Forest,7,4,NPL,
2026,8,3,National League Division 1,Iowa State,Stanford,12,13,NPL,
2026,8,3,National League Division 1,Wake Forest,USC,4,14,NPL,
2026,8,3,National League Division 1,UNC,Baylor,5,11,NPL,
2026,8,3,National League Division 1,Penn State,Auburn,9,1,NPL,
2026,8,3,National League Division 1,Georgia Tech,Colorado,6,15,NPL,
2026,8,3,National League Division 1,Alabama,Texas A&M,17,16,NPL,
2026,8,3,National League Division 1,Notre Dame,Minnesota,3,8,NPL,
2026,8,3,National League Division 1,Tennessee,Michigan State,18,7,NPL,
2026,8,3,National League Division 1,West Virginia,Boston College,10,2,NPL,
2026,9,3,National League Division 1,Minnesota,West Virginia,8,10,NPL,
2026,9,3,National League Division 1,Colorado,Wake Forest,15,4,NPL,
2026,9,3,National League Division 1,USC,Tennessee,14,18,NPL,
2026,9,3,National League Division 1,Michigan State,Iowa State,7,12,NPL,
2026,9,3,National League Division 1,Baylor,Georgia Tech,11,6,NPL,
2026,9,3,National League Division 1,Stanford,Penn State,13,9,NPL,
2026,9,3,National League Division 1,Auburn,Alabama,1,17,NPL,
2026,9,3,National League Division 1,Boston College,UNC,2,5,NPL,
2026,9,3,National League Division 1,Texas A&M,Notre Dame,16,3,NPL,
2026,10,3,National League Division 1,Iowa State,USC,12,14,NPL,
2026,10,3,National League Division 1,Wake Forest,Georgia Tech,4,6,NPL,
2026,10,3,National League Division 1,Notre Dame,Auburn,3,1,NPL,
2026,10,3,National League Division 1,Alabama,Stanford,17,13,NPL,
2026,10,3,National League Division 1,Tennessee,Colorado,18,15,NPL,
2026,10,3,National League Division 1,Boston College,Baylor,2,11,NPL,
2026,10,3,National League Division 1,Penn State,Michigan State,9,7,NPL,
2026,10,3,National League Division 1,West Virginia,Texas A&M,10,16,NPL,
2026,10,3,National League Division 1,UNC,Minnesota,5,8,NPL,
2026,11,3,National League Division 1,Auburn,West Virginia,1,10,NPL,
2026,11,3,National League Division 1,USC,Penn State,14,9,NPL,
2026,11,3,National League Division 1,Georgia Tech,Tennessee,6,18,NPL,
2026,11,3,National League Division 1,Minnesota,Boston College,8,2,NPL,
2026,11,3,National League Division 1,Baylor,Wake Forest,11,4,NPL,
2026,11,3,National League Division 1,Texas A&M,UNC,16,5,NPL,
2026,11,3,National League Division 1,Colorado,Iowa State,15,12,NPL,
2026,11,3,National League Division 1,Michigan State,Alabama,7,17,NPL,
2026,11,3,National League Division 1,Stanford,Notre Dame,13,3,NPL,
2026,12,3,National League Division 1,Boston College,Texas A&M,2,16,NPL,
2026,12,3,National League Division 1,UNC,Auburn,5,1,NPL,
2026,12,3,National League Division 1,Tennessee,Wake Forest,18,4,NPL,
2026,12,3,National League Division 1,Alabama,USC,17,14,NPL,
2026,12,3,National League Division 1,Penn State,Colorado,9,15,NPL,
2026,12,3,National League Division 1,West Virginia,Stanford,10,13,NPL,
2026,12,3,National League Division 1,Minnesota,Baylor,8,11,NPL,
2026,12,3,National League Division 1,Notre Dame,Michigan State,3,7,NPL,
2026,12,3,National League Division 1,Iowa State,Georgia Tech,12,6,NPL,
2026,13,3,National League Division 1,Georgia Tech,Penn State,6,9,NPL,
2026,13,3,National League Division 1,Michigan State,West Virginia,7,10,NPL,
2026,13,3,National League Division 1,Auburn,Boston College,1,2,NPL,
2026,13,3,National League Division 1,Stanford,UNC,13,5,NPL,
2026,13,3,National League Division 1,Wake Forest,Iowa State,4,12,NPL,
2026,13,3,National League Division 1,Colorado,Alabama,15,17,NPL,
2026,13,3,National League Division 1,Texas A&M,Minnesota,16,8,NPL,
2026,13,3,National League Division 1,Baylor,Tennessee,11,18,NPL,
2026,13,3,National League Division 1,USC,Notre Dame,14,3,NPL,
2026,14,3,National League Division 1,Notre Dame,Colorado,3,15,NPL,
2026,14,3,National League Division 1,Penn State,Wake Forest,9,4,NPL,
2026,14,3,National League Division 1,Iowa State,Tennessee,12,18,NPL,
2026,14,3,National League Division 1,UNC,Michigan State,5,7,NPL,
2026,14,3,National League Division 1,Alabama,Georgia Tech,17,6,NPL,
2026,14,3,National League Division 1,Minnesota,Auburn,8,1,NPL,
2026,14,3,National League Division 1,West Virginia,USC,10,14,NPL,
2026,14,3,National League Division 1,Boston College,Stanford,2,13,NPL,
2026,14,3,National League Division 1,Texas A&M,Baylor,16,11,NPL,
2026,15,3,National League Division 1,Georgia Tech,Notre Dame,6,3,NPL,
2026,15,3,National League Division 1,Wake Forest,Alabama,4,17,NPL,
2026,15,3,National League Division 1,USC,UNC,14,5,NPL,
2026,15,3,National League Division 1,Auburn,Texas A&M,1,16,NPL,
2026,15,3,National League Division 1,Baylor,Iowa State,11,12,NPL,
2026,15,3,National League Division 1,Michigan State,Boston College,7,2,NPL,
2026,15,3,National League Division 1,Tennessee,Penn State,18,9,NPL,
2026,15,3,National League Division 1,Colorado,West Virginia,15,10,NPL,
2026,15,3,National League Division 1,Stanford,Minnesota,13,8,NPL,
2026,16,3,National League Division 1,Notre Dame,Wake Forest,3,4,NPL,
2026,16,3,National League Division 1,Minnesota,Michigan State,8,7,NPL,
2026,16,3,National League Division 1,Texas A&M,Stanford,16,13,NPL,
2026,16,3,National League Division 1,Auburn,Baylor,1,11,NPL,
2026,16,3,National League Division 1,West Virginia,Georgia Tech,10,6,NPL,
2026,16,3,National League Division 1,Boston College,USC,2,14,NPL,
2026,16,3,National League Division 1,UNC,Colorado,5,15,NPL,
2026,16,3,National League Division 1,Penn State,Iowa State,9,12,NPL,
2026,16,3,National League Division 1,Alabama,Tennessee,17,18,NPL,
2026,17,3,National League Division 1,USC,Minnesota,14,8,NPL,
2026,17,3,National League Division 1,Baylor,Penn State,11,9,NPL,
2026,17,3,National League Division 1,Stanford,Auburn,13,1,NPL,
2026,17,3,National League Division 1,Tennessee,Notre Dame,18,3,NPL,
2026,17,3,National League Division 1,Georgia Tech,UNC,6,5,NPL,
2026,17,3,National League Division 1,Iowa State,Alabama,12,17,NPL,
2026,17,3,National League Division 1,Michigan State,Texas A&M,7,16,NPL,
2026,17,3,National League Division 1,Wake Forest,West Virginia,4,10,NPL,
2026,17,3,National League Division 1,Colorado,Boston College,15,2,NPL,
2026,1,3,National League Division 2,Oklahoma,Clemson,2,6,NPL,
2026,1,3,National League Division 2,Virginia,Louisville,4,5,NPL,
2026,1,3,National League Division 2,UCF,Northwestern,12,3,NPL,
2026,1,3,National League Division 2,Vanderbilt,Cal,16,14,NPL,
2026,1,3,National League Division 2,Iowa,Texas,9,17,NPL,
2026,1,3,National League Division 2,Cincinnati,Arizona State,11,13,NPL,
2026,1,3,National League Division 2,South Carolina,Oklahoma State,18,10,NPL,
2026,1,3,National League Division 2,Ole Miss,Nebraska,1,7,NPL,
2026,1,3,National League Division 2,Maryland,Oregon State,8,15,NPL,
2026,2,3,National League Division 2,Nebraska,Arizona State,7,13,NPL,
2026,2,3,National League Division 2,Louisville,South Carolina,5,18,NPL,
2026,2,3,National League Division 2,Oregon State,Vanderbilt,15,16,NPL,
2026,2,3,National League Division 2,Oklahoma State,UCF,10,12,NPL,
2026,2,3,National League Division 2,Virginia,Oklahoma,4,2,NPL,
2026,2,3,National League Division 2,Northwestern,Iowa,3,9,NPL,
2026,2,3,National League Division 2,Texas,Cincinnati,17,11,NPL,
2026,2,3,National League Division 2,Clemson,Maryland,6,8,NPL,
2026,2,3,National League Division 2,Cal,Ole Miss,14,1,NPL,
2026,3,3,National League Division 2,Cincinnati,Nebraska,11,7,NPL,
2026,3,3,National League Division 2,Oklahoma,South Carolina,2,18,NPL,
2026,3,3,National League Division 2,Arizona State,Cal,13,14,NPL,
2026,3,3,National League Division 2,Ole Miss,Oregon State,1,15,NPL,
2026,3,3,National League Division 2,Texas,Northwestern,17,3,NPL,
2026,3,3,National League Division 2,UCF,Louisville,12,5,NPL,
2026,3,3,National League Division 2,Vanderbilt,Clemson,16,6,NPL,
2026,3,3,National League Division 2,Maryland,Virginia,8,4,NPL,
2026,3,3,National League Division 2,Iowa,Oklahoma State,9,10,NPL,
2026,4,3,National League Division 2,Oklahoma State,Texas,10,17,NPL,
2026,4,3,National League Division 2,Virginia,Vanderbilt,4,16,NPL,
2026,4,3,National League Division 2,Louisville,Iowa,5,9,NPL,
2026,4,3,National League Division 2,Oregon State,Arizona State,15,13,NPL,
2026,4,3,National League Division 2,South Carolina,Maryland,18,8,NPL,
2026,4,3,National League Division 2,UCF,Oklahoma,12,2,NPL,
2026,4,3,National League Division 2,Northwestern,Cincinnati,3,11,NPL,
2026,4,3,National League Division 2,Cal,Nebraska,14,7,NPL,
2026,4,3,National League Division 2,Clemson,Ole Miss,6,1,NPL,
2026,5,3,National League Division 2,Arizona State,Clemson,13,6,NPL,
2026,5,3,National League Division 2,Nebraska,Oregon State,7,15,NPL,
2026,5,3,National League Division 2,Ole Miss,Virginia,1,4,NPL,
2026,5,3,National League Division 2,Northwestern,Oklahoma State,3,10,NPL,
2026,5,3,National League Division 2,Texas,Louisville,17,5,NPL,
2026,5,3,National League Division 2,Cincinnati,Cal,11,14,NPL,
2026,5,3,National League Division 2,Oklahoma,Iowa,2,9,NPL,
2026,5,3,National League Division 2,Maryland,UCF,8,12,NPL,
2026,5,3,National League Division 2,Vanderbilt,South Carolina,16,18,NPL,
2026,6,3,National League Division 2,Iowa,Maryland,9,8,NPL,
2026,6,3,National League Division 2,Oklahoma State,Cincinnati,10,11,NPL,
2026,6,3,National League Division 2,Louisville,Northwestern,5,3,NPL,
2026,6,3,National League Division 2,Texas,Oklahoma,17,2,NPL,
2026,6,3,National League Division 2,Virginia,Arizona State,4,13,NPL,
2026,6,3,National League Division 2,UCF,Vanderbilt,12,16,NPL,
2026,6,3,National League Division 2,Oregon State,Cal,15,14,NPL,
2026,6,3,National League Division 2,Clemson,Nebraska,6,7,NPL,
2026,6,3,National League Division 2,South Carolina,Ole Miss,18,1,NPL,
2026,7,3,National League Division 2,Arizona State,South Carolina,13,18,NPL,
2026,7,3,National League Division 2,Vanderbilt,Iowa,16,9,NPL,
2026,7,3,National League Division 2,Cincinnati,Oregon State,11,15,NPL,
2026,7,3,National League Division 2,Ole Miss,UCF,1,12,NPL,
2026,7,3,National League Division 2,Oklahoma State,Louisville,10,5,NPL,
2026,7,3,National League Division 2,Cal,Clemson,14,6,NPL,
2026,7,3,National League Division 2,Oklahoma,Northwestern,2,3,NPL,
2026,7,3,National League Division 2,Maryland,Texas,8,17,NPL,
2026,7,3,National League Division 2,Nebraska,Virginia,7,4,NPL,
2026,8,3,National League Division 2,UCF,Arizona State,12,13,NPL,
2026,8,3,National League Division 2,Virginia,Cal,4,14,NPL,
2026,8,3,National League Division 2,Louisville,Cincinnati,5,11,NPL,
2026,8,3,National League Division 2,Iowa,Ole Miss,9,1,NPL,
2026,8,3,National League Division 2,Clemson,Oregon State,6,15,NPL,
2026,8,3,National League Division 2,Texas,Vanderbilt,17,16,NPL,
2026,8,3,National League Division 2,Northwestern,Maryland,3,8,NPL,
2026,8,3,National League Division 2,South Carolina,Nebraska,18,7,NPL,
2026,8,3,National League Division 2,Oklahoma State,Oklahoma,10,2,NPL,
2026,9,3,National League Division 2,Maryland,Oklahoma State,8,10,NPL,
2026,9,3,National League Division 2,Oregon State,Virginia,15,4,NPL,
2026,9,3,National League Division 2,Cal,South Carolina,14,18,NPL,
2026,9,3,National League Division 2,Nebraska,UCF,7,12,NPL,
2026,9,3,National League Division 2,Cincinnati,Clemson,11,6,NPL,
2026,9,3,National League Division 2,Arizona State,Iowa,13,9,NPL,
2026,9,3,National League Division 2,Ole Miss,Texas,1,17,NPL,
2026,9,3,National League Division 2,Oklahoma,Louisville,2,5,NPL,
2026,9,3,National League Division 2,Vanderbilt,Northwestern,16,3,NPL,
2026,10,3,National League Division 2,UCF,Cal,12,14,NPL,
2026,10,3,National League Division 2,Virginia,Clemson,4,6,NPL,
2026,10,3,National League Division 2,Northwestern,Ole Miss,3,1,NPL,
2026,10,3,National League Division 2,Texas,Arizona State,17,13,NPL,
2026,10,3,National League Division 2,South Carolina,Oregon State,18,15,NPL,
2026,10,3,National League Division 2,Oklahoma,Cincinnati,2,11,NPL,
2026,10,3,National League Division 2,Iowa,Nebraska,9,7,NPL,
2026,10,3,National League Division 2,Oklahoma State,Vanderbilt,10,16,NPL,
2026,10,3,National League Division 2,Louisville,Maryland,5,8,NPL,
2026,11,3,National League Division 2,Ole Miss,Oklahoma State,1,10,NPL,
2026,11,3,National League Division 2,Cal,Iowa,14,9,NPL,
2026,11,3,National League Division 2,Clemson,South Carolina,6,18,NPL,
2026,11,3,National League Division 2,Maryland,Oklahoma,8,2,NPL,
2026,11,3,National League Division 2,Cincinnati,Virginia,11,4,NPL,
2026,11,3,National League Division 2,Vanderbilt,Louisville,16,5,NPL,
2026,11,3,National League Division 2,Oregon State,UCF,15,12,NPL,
2026,11,3,National League Division 2,Nebraska,Texas,7,17,NPL,
2026,11,3,National League Division 2,Arizona State,Northwestern,13,3,NPL,
2026,12,3,National League Division 2,Oklahoma,Vanderbilt,2,16,NPL,
2026,12,3,National League Division 2,Louisville,Ole Miss,5,1,NPL,
2026,12,3,National League Division 2,South Carolina,Virginia,18,4,NPL,
2026,12,3,National League Division 2,Texas,Cal,17,14,NPL,
2026,12,3,National League Division 2,Iowa,Oregon State,9,15,NPL,
2026,12,3,National League Division 2,Oklahoma State,Arizona State,10,13,NPL,
2026,12,3,National League Division 2,Maryland,Cincinnati,8,11,NPL,
2026,12,3,National League Division 2,Northwestern,Nebraska,3,7,NPL,
2026,12,3,National League Division 2,UCF,Clemson,12,6,NPL,
2026,13,3,National League Division 2,Clemson,Iowa,6,9,NPL,
2026,13,3,National League Division 2,Nebraska,Oklahoma State,7,10,NPL,
2026,13,3,National League Division 2,Ole Miss,Oklahoma,1,2,NPL,
2026,13,3,National League Division 2,Arizona State,Louisville,13,5,NPL,
2026,13,3,National League Division 2,Virginia,UCF,4,12,NPL,
2026,13,3,National League Division 2,Oregon State,Texas,15,17,NPL,
2026,13,3,National League Division 2,Vanderbilt,Maryland,16,8,NPL,
2026,13,3,National League Division 2,Cincinnati,South Carolina,11,18,NPL,
2026,13,3,National League Division 2,Cal,Northwestern,14,3,NPL,
2026,14,3,National League Division 2,Northwestern,Oregon State,3,15,NPL,
2026,14,3,National League Division 2,Iowa,Virginia,9,4,NPL,
2026,14,3,National League Division 2,UCF,South Carolina,12,18,NPL,
2026,14,3,National League Division 2,Louisville,Nebraska,5,7,NPL,
2026,14,3,National League Division 2,Texas,Clemson,17,6,NPL,
2026,14,3,National League Division 2,Maryland,Ole Miss,8,1,NPL,
2026,14,3,National League Division 2,Oklahoma State,Cal,10,14,NPL,
2026,14,3,National League Division 2,Oklahoma,Arizona State,2,13,NPL,
2026,14,3,National League Division 2,Vanderbilt,Cincinnati,16,11,NPL,
2026,15,3,National League Division 2,Clemson,Northwestern,6,3,NPL,
2026,15,3,National League Division 2,Virginia,Texas,4,17,NPL,
2026,15,3,National League Division 2,Cal,Louisville,14,5,NPL,
2026,15,3,National League Division 2,Ole Miss,Vanderbilt,1,16,NPL,
2026,15,3,National League Division 2,Cincinnati,UCF,11,12,NPL,
2026,15,3,National League Division 2,Nebraska,Oklahoma,7,2,NPL,
2026,15,3,National League Division 2,South Carolina,Iowa,18,9,NPL,
2026,15,3,National League Division 2,Oregon State,Oklahoma State,15,10,NPL,
2026,15,3,National League Division 2,Arizona State,Maryland,13,8,NPL,
2026,16,3,National League Division 2,Northwestern,Virginia,3,4,NPL,
2026,16,3,National League Division 2,Maryland,Nebraska,8,7,NPL,
2026,16,3,National League Division 2,Vanderbilt,Arizona State,16,13,NPL,
2026,16,3,National League Division 2,Ole Miss,Cincinnati,1,11,NPL,
2026,16,3,National League Division 2,Oklahoma State,Clemson,10,6,NPL,
2026,16,3,National League Division 2,Oklahoma,Cal,2,14,NPL,
2026,16,3,National League Division 2,Louisville,Oregon State,5,15,NPL,
2026,16,3,National League Division 2,Iowa,UCF,9,12,NPL,
2026,16,3,National League Division 2,Texas,South Carolina,17,18,NPL,
2026,17,3,National League Division 2,Cal,Maryland,14,8,NPL,
2026,17,3,National League Division 2,Cincinnati,Iowa,11,9,NPL,
2026,17,3,National League Division 2,Arizona State,Ole Miss,13,1,NPL,
2026,17,3,National League Division 2,South Carolina,Northwestern,18,3,NPL,
2026,17,3,National League Division 2,Clemson,Louisville,6,5,NPL,
2026,17,3,National League Division 2,UCF,Texas,12,17,NPL,
2026,17,3,National League Division 2,Nebraska,Vanderbilt,7,16,NPL,
2026,17,3,National League Division 2,Virginia,Oklahoma State,4,10,NPL,
2026,17,3,National League Division 2,Oregon State,Oklahoma,15,2,NPL,
2026,1,4,Feed League Division 1,ECU,Jacksonville State,2,6,NPL,
2026,1,4,Feed League Division 1,Delaware,FIU,4,5,NPL,
2026,1,4,Feed League Division 1,Colorado State,FAU,12,3,NPL,
2026,1,4,Feed League Division 1,Arkansas State,Coastal Carolina,16,14,NPL,
2026,1,4,Feed League Division 1,Bowling Green,Louisiana,9,17,NPL,
2026,1,4,Feed League Division 1,Boise State,Appalachian State,11,13,NPL,
2026,1,4,Feed League Division 1,Montana,Air Force,18,10,NPL,
2026,1,4,Feed League Division 1,Charlotte,Akron,1,7,NPL,
2026,1,4,Feed League Division 1,Ball State,Georgia Southern,8,15,NPL,
2026,2,4,Feed League Division 1,Akron,Appalachian State,7,13,NPL,
2026,2,4,Feed League Division 1,FIU,Montana,5,18,NPL,
2026,2,4,Feed League Division 1,Georgia Southern,Arkansas State,15,16,NPL,
2026,2,4,Feed League Division 1,Air Force,Colorado State,10,12,NPL,
2026,2,4,Feed League Division 1,Delaware,ECU,4,2,NPL,
2026,2,4,Feed League Division 1,FAU,Bowling Green,3,9,NPL,
2026,2,4,Feed League Division 1,Louisiana,Boise State,17,11,NPL,
2026,2,4,Feed League Division 1,Jacksonville State,Ball State,6,8,NPL,
2026,2,4,Feed League Division 1,Coastal Carolina,Charlotte,14,1,NPL,
2026,3,4,Feed League Division 1,Boise State,Akron,11,7,NPL,
2026,3,4,Feed League Division 1,ECU,Montana,2,18,NPL,
2026,3,4,Feed League Division 1,Appalachian State,Coastal Carolina,13,14,NPL,
2026,3,4,Feed League Division 1,Charlotte,Georgia Southern,1,15,NPL,
2026,3,4,Feed League Division 1,Louisiana,FAU,17,3,NPL,
2026,3,4,Feed League Division 1,Colorado State,FIU,12,5,NPL,
2026,3,4,Feed League Division 1,Arkansas State,Jacksonville State,16,6,NPL,
2026,3,4,Feed League Division 1,Ball State,Delaware,8,4,NPL,
2026,3,4,Feed League Division 1,Bowling Green,Air Force,9,10,NPL,
2026,4,4,Feed League Division 1,Air Force,Louisiana,10,17,NPL,
2026,4,4,Feed League Division 1,Delaware,Arkansas State,4,16,NPL,
2026,4,4,Feed League Division 1,FIU,Bowling Green,5,9,NPL,
2026,4,4,Feed League Division 1,Georgia Southern,Appalachian State,15,13,NPL,
2026,4,4,Feed League Division 1,Montana,Ball State,18,8,NPL,
2026,4,4,Feed League Division 1,Colorado State,ECU,12,2,NPL,
2026,4,4,Feed League Division 1,FAU,Boise State,3,11,NPL,
2026,4,4,Feed League Division 1,Coastal Carolina,Akron,14,7,NPL,
2026,4,4,Feed League Division 1,Jacksonville State,Charlotte,6,1,NPL,
2026,5,4,Feed League Division 1,Appalachian State,Jacksonville State,13,6,NPL,
2026,5,4,Feed League Division 1,Akron,Georgia Southern,7,15,NPL,
2026,5,4,Feed League Division 1,Charlotte,Delaware,1,4,NPL,
2026,5,4,Feed League Division 1,FAU,Air Force,3,10,NPL,
2026,5,4,Feed League Division 1,Louisiana,FIU,17,5,NPL,
2026,5,4,Feed League Division 1,Boise State,Coastal Carolina,11,14,NPL,
2026,5,4,Feed League Division 1,ECU,Bowling Green,2,9,NPL,
2026,5,4,Feed League Division 1,Ball State,Colorado State,8,12,NPL,
2026,5,4,Feed League Division 1,Arkansas State,Montana,16,18,NPL,
2026,6,4,Feed League Division 1,Bowling Green,Ball State,9,8,NPL,
2026,6,4,Feed League Division 1,Air Force,Boise State,10,11,NPL,
2026,6,4,Feed League Division 1,FIU,FAU,5,3,NPL,
2026,6,4,Feed League Division 1,Louisiana,ECU,17,2,NPL,
2026,6,4,Feed League Division 1,Delaware,Appalachian State,4,13,NPL,
2026,6,4,Feed League Division 1,Colorado State,Arkansas State,12,16,NPL,
2026,6,4,Feed League Division 1,Georgia Southern,Coastal Carolina,15,14,NPL,
2026,6,4,Feed League Division 1,Jacksonville State,Akron,6,7,NPL,
2026,6,4,Feed League Division 1,Montana,Charlotte,18,1,NPL,
2026,7,4,Feed League Division 1,Appalachian State,Montana,13,18,NPL,
2026,7,4,Feed League Division 1,Arkansas State,Bowling Green,16,9,NPL,
2026,7,4,Feed League Division 1,Boise State,Georgia Southern,11,15,NPL,
2026,7,4,Feed League Division 1,Charlotte,Colorado State,1,12,NPL,
2026,7,4,Feed League Division 1,Air Force,FIU,10,5,NPL,
2026,7,4,Feed League Division 1,Coastal Carolina,Jacksonville State,14,6,NPL,
2026,7,4,Feed League Division 1,ECU,FAU,2,3,NPL,
2026,7,4,Feed League Division 1,Ball State,Louisiana,8,17,NPL,
2026,7,4,Feed League Division 1,Akron,Delaware,7,4,NPL,
2026,8,4,Feed League Division 1,Colorado State,Appalachian State,12,13,NPL,
2026,8,4,Feed League Division 1,Delaware,Coastal Carolina,4,14,NPL,
2026,8,4,Feed League Division 1,FIU,Boise State,5,11,NPL,
2026,8,4,Feed League Division 1,Bowling Green,Charlotte,9,1,NPL,
2026,8,4,Feed League Division 1,Jacksonville State,Georgia Southern,6,15,NPL,
2026,8,4,Feed League Division 1,Louisiana,Arkansas State,17,16,NPL,
2026,8,4,Feed League Division 1,FAU,Ball State,3,8,NPL,
2026,8,4,Feed League Division 1,Montana,Akron,18,7,NPL,
2026,8,4,Feed League Division 1,Air Force,ECU,10,2,NPL,
2026,9,4,Feed League Division 1,Ball State,Air Force,8,10,NPL,
2026,9,4,Feed League Division 1,Georgia Southern,Delaware,15,4,NPL,
2026,9,4,Feed League Division 1,Coastal Carolina,Montana,14,18,NPL,
2026,9,4,Feed League Division 1,Akron,Colorado State,7,12,NPL,
2026,9,4,Feed League Division 1,Boise State,Jacksonville State,11,6,NPL,
2026,9,4,Feed League Division 1,Appalachian State,Bowling Green,13,9,NPL,
2026,9,4,Feed League Division 1,Charlotte,Louisiana,1,17,NPL,
2026,9,4,Feed League Division 1,ECU,FIU,2,5,NPL,
2026,9,4,Feed League Division 1,Arkansas State,FAU,16,3,NPL,
2026,10,4,Feed League Division 1,Colorado State,Coastal Carolina,12,14,NPL,
2026,10,4,Feed League Division 1,Delaware,Jacksonville State,4,6,NPL,
2026,10,4,Feed League Division 1,FAU,Charlotte,3,1,NPL,
2026,10,4,Feed League Division 1,Louisiana,Appalachian State,17,13,NPL,
2026,10,4,Feed League Division 1,Montana,Georgia Southern,18,15,NPL,
2026,10,4,Feed League Division 1,ECU,Boise State,2,11,NPL,
2026,10,4,Feed League Division 1,Bowling Green,Akron,9,7,NPL,
2026,10,4,Feed League Division 1,Air Force,Arkansas State,10,16,NPL,
2026,10,4,Feed League Division 1,FIU,Ball State,5,8,NPL,
2026,11,4,Feed League Division 1,Charlotte,Air Force,1,10,NPL,
2026,11,4,Feed League Division 1,Coastal Carolina,Bowling Green,14,9,NPL,
2026,11,4,Feed League Division 1,Jacksonville State,Montana,6,18,NPL,
2026,11,4,Feed League Division 1,Ball State,ECU,8,2,NPL,
2026,11,4,Feed League Division 1,Boise State,Delaware,11,4,NPL,
2026,11,4,Feed League Division 1,Arkansas State,FIU,16,5,NPL,
2026,11,4,Feed League Division 1,Georgia Southern,Colorado State,15,12,NPL,
2026,11,4,Feed League Division 1,Akron,Louisiana,7,17,NPL,
2026,11,4,Feed League Division 1,Appalachian State,FAU,13,3,NPL,
2026,12,4,Feed League Division 1,ECU,Arkansas State,2,16,NPL,
2026,12,4,Feed League Division 1,FIU,Charlotte,5,1,NPL,
2026,12,4,Feed League Division 1,Montana,Delaware,18,4,NPL,
2026,12,4,Feed League Division 1,Louisiana,Coastal Carolina,17,14,NPL,
2026,12,4,Feed League Division 1,Bowling Green,Georgia Southern,9,15,NPL,
2026,12,4,Feed League Division 1,Air Force,Appalachian State,10,13,NPL,
2026,12,4,Feed League Division 1,Ball State,Boise State,8,11,NPL,
2026,12,4,Feed League Division 1,FAU,Akron,3,7,NPL,
2026,12,4,Feed League Division 1,Colorado State,Jacksonville State,12,6,NPL,
2026,13,4,Feed League Division 1,Jacksonville State,Bowling Green,6,9,NPL,
2026,13,4,Feed League Division 1,Akron,Air Force,7,10,NPL,
2026,13,4,Feed League Division 1,Charlotte,ECU,1,2,NPL,
2026,13,4,Feed League Division 1,Appalachian State,FIU,13,5,NPL,
2026,13,4,Feed League Division 1,Delaware,Colorado State,4,12,NPL,
2026,13,4,Feed League Division 1,Georgia Southern,Louisiana,15,17,NPL,
2026,13,4,Feed League Division 1,Arkansas State,Ball State,16,8,NPL,
2026,13,4,Feed League Division 1,Boise State,Montana,11,18,NPL,
2026,13,4,Feed League Division 1,Coastal Carolina,FAU,14,3,NPL,
2026,14,4,Feed League Division 1,FAU,Georgia Southern,3,15,NPL,
2026,14,4,Feed League Division 1,Bowling Green,Delaware,9,4,NPL,
2026,14,4,Feed League Division 1,Colorado State,Montana,12,18,NPL,
2026,14,4,Feed League Division 1,FIU,Akron,5,7,NPL,
2026,14,4,Feed League Division 1,Louisiana,Jacksonville State,17,6,NPL,
2026,14,4,Feed League Division 1,Ball State,Charlotte,8,1,NPL,
2026,14,4,Feed League Division 1,Air Force,Coastal Carolina,10,14,NPL,
2026,14,4,Feed League Division 1,ECU,Appalachian State,2,13,NPL,
2026,14,4,Feed League Division 1,Arkansas State,Boise State,16,11,NPL,
2026,15,4,Feed League Division 1,Jacksonville State,FAU,6,3,NPL,
2026,15,4,Feed League Division 1,Delaware,Louisiana,4,17,NPL,
2026,15,4,Feed League Division 1,Coastal Carolina,FIU,14,5,NPL,
2026,15,4,Feed League Division 1,Charlotte,Arkansas State,1,16,NPL,
2026,15,4,Feed League Division 1,Boise State,Colorado State,11,12,NPL,
2026,15,4,Feed League Division 1,Akron,ECU,7,2,NPL,
2026,15,4,Feed League Division 1,Montana,Bowling Green,18,9,NPL,
2026,15,4,Feed League Division 1,Georgia Southern,Air Force,15,10,NPL,
2026,15,4,Feed League Division 1,Appalachian State,Ball State,13,8,NPL,
2026,16,4,Feed League Division 1,FAU,Delaware,3,4,NPL,
2026,16,4,Feed League Division 1,Ball State,Akron,8,7,NPL,
2026,16,4,Feed League Division 1,Arkansas State,Appalachian State,16,13,NPL,
2026,16,4,Feed League Division 1,Charlotte,Boise State,1,11,NPL,
2026,16,4,Feed League Division 1,Air Force,Jacksonville State,10,6,NPL,
2026,16,4,Feed League Division 1,ECU,Coastal Carolina,2,14,NPL,
2026,16,4,Feed League Division 1,FIU,Georgia Southern,5,15,NPL,
2026,16,4,Feed League Division 1,Bowling Green,Colorado State,9,12,NPL,
2026,16,4,Feed League Division 1,Louisiana,Montana,17,18,NPL,
2026,17,4,Feed League Division 1,Coastal Carolina,Ball State,14,8,NPL,
2026,17,4,Feed League Division 1,Boise State,Bowling Green,11,9,NPL,
2026,17,4,Feed League Division 1,Appalachian State,Charlotte,13,1,NPL,
2026,17,4,Feed League Division 1,Montana,FAU,18,3,NPL,
2026,17,4,Feed League Division 1,Jacksonville State,FIU,6,5,NPL,
2026,17,4,Feed League Division 1,Colorado State,Louisiana,12,17,NPL,
2026,17,4,Feed League Division 1,Akron,Arkansas State,7,16,NPL,
2026,17,4,Feed League Division 1,Delaware,Air Force,4,10,NPL,
2026,17,4,Feed League Division 1,Georgia Southern,ECU,15,2,NPL,
2026,1,4,Feed League Division 2,North Texas,Louisiana Tech,2,6,NPL,
2026,1,4,Feed League Division 2,Kennesaw State,Liberty,4,5,NPL,
2026,1,4,Feed League Division 2,Nevada,Rice,12,3,NPL,
2026,1,4,Feed League Division 2,Montana State,James Madison,16,14,NPL,
2026,1,4,Feed League Division 2,Eastern Michigan,North Alabama,9,17,NPL,
2026,1,4,Feed League Division 2,Hawaii,Georgia State,11,13,NPL,
2026,1,4,Feed League Division 2,North Dakota State,Fresno State,18,10,NPL,
2026,1,4,Feed League Division 2,Memphis,Buffalo,1,7,NPL,
2026,1,4,Feed League Division 2,Central Michigan,UL Monroe,8,15,NPL,
2026,2,4,Feed League Division 2,Buffalo,Georgia State,7,13,NPL,
2026,2,4,Feed League Division 2,Liberty,North Dakota State,5,18,NPL,
2026,2,4,Feed League Division 2,UL Monroe,Montana State,15,16,NPL,
2026,2,4,Feed League Division 2,Fresno State,Nevada,10,12,NPL,
2026,2,4,Feed League Division 2,Kennesaw State,North Texas,4,2,NPL,
2026,2,4,Feed League Division 2,Rice,Eastern Michigan,3,9,NPL,
2026,2,4,Feed League Division 2,North Alabama,Hawaii,17,11,NPL,
2026,2,4,Feed League Division 2,Louisiana Tech,Central Michigan,6,8,NPL,
2026,2,4,Feed League Division 2,James Madison,Memphis,14,1,NPL,
2026,3,4,Feed League Division 2,Hawaii,Buffalo,11,7,NPL,
2026,3,4,Feed League Division 2,North Texas,North Dakota State,2,18,NPL,
2026,3,4,Feed League Division 2,Georgia State,James Madison,13,14,NPL,
2026,3,4,Feed League Division 2,Memphis,UL Monroe,1,15,NPL,
2026,3,4,Feed League Division 2,North Alabama,Rice,17,3,NPL,
2026,3,4,Feed League Division 2,Nevada,Liberty,12,5,NPL,
2026,3,4,Feed League Division 2,Montana State,Louisiana Tech,16,6,NPL,
2026,3,4,Feed League Division 2,Central Michigan,Kennesaw State,8,4,NPL,
2026,3,4,Feed League Division 2,Eastern Michigan,Fresno State,9,10,NPL,
2026,4,4,Feed League Division 2,Fresno State,North Alabama,10,17,NPL,
2026,4,4,Feed League Division 2,Kennesaw State,Montana State,4,16,NPL,
2026,4,4,Feed League Division 2,Liberty,Eastern Michigan,5,9,NPL,
2026,4,4,Feed League Division 2,UL Monroe,Georgia State,15,13,NPL,
2026,4,4,Feed League Division 2,North Dakota State,Central Michigan,18,8,NPL,
2026,4,4,Feed League Division 2,Nevada,North Texas,12,2,NPL,
2026,4,4,Feed League Division 2,Rice,Hawaii,3,11,NPL,
2026,4,4,Feed League Division 2,James Madison,Buffalo,14,7,NPL,
2026,4,4,Feed League Division 2,Louisiana Tech,Memphis,6,1,NPL,
2026,5,4,Feed League Division 2,Georgia State,Louisiana Tech,13,6,NPL,
2026,5,4,Feed League Division 2,Buffalo,UL Monroe,7,15,NPL,
2026,5,4,Feed League Division 2,Memphis,Kennesaw State,1,4,NPL,
2026,5,4,Feed League Division 2,Rice,Fresno State,3,10,NPL,
2026,5,4,Feed League Division 2,North Alabama,Liberty,17,5,NPL,
2026,5,4,Feed League Division 2,Hawaii,James Madison,11,14,NPL,
2026,5,4,Feed League Division 2,North Texas,Eastern Michigan,2,9,NPL,
2026,5,4,Feed League Division 2,Central Michigan,Nevada,8,12,NPL,
2026,5,4,Feed League Division 2,Montana State,North Dakota State,16,18,NPL,
2026,6,4,Feed League Division 2,Eastern Michigan,Central Michigan,9,8,NPL,
2026,6,4,Feed League Division 2,Fresno State,Hawaii,10,11,NPL,
2026,6,4,Feed League Division 2,Liberty,Rice,5,3,NPL,
2026,6,4,Feed League Division 2,North Alabama,North Texas,17,2,NPL,
2026,6,4,Feed League Division 2,Kennesaw State,Georgia State,4,13,NPL,
2026,6,4,Feed League Division 2,Nevada,Montana State,12,16,NPL,
2026,6,4,Feed League Division 2,UL Monroe,James Madison,15,14,NPL,
2026,6,4,Feed League Division 2,Louisiana Tech,Buffalo,6,7,NPL,
2026,6,4,Feed League Division 2,North Dakota State,Memphis,18,1,NPL,
2026,7,4,Feed League Division 2,Georgia State,North Dakota State,13,18,NPL,
2026,7,4,Feed League Division 2,Montana State,Eastern Michigan,16,9,NPL,
2026,7,4,Feed League Division 2,Hawaii,UL Monroe,11,15,NPL,
2026,7,4,Feed League Division 2,Memphis,Nevada,1,12,NPL,
2026,7,4,Feed League Division 2,Fresno State,Liberty,10,5,NPL,
2026,7,4,Feed League Division 2,James Madison,Louisiana Tech,14,6,NPL,
2026,7,4,Feed League Division 2,North Texas,Rice,2,3,NPL,
2026,7,4,Feed League Division 2,Central Michigan,North Alabama,8,17,NPL,
2026,7,4,Feed League Division 2,Buffalo,Kennesaw State,7,4,NPL,
2026,8,4,Feed League Division 2,Nevada,Georgia State,12,13,NPL,
2026,8,4,Feed League Division 2,Kennesaw State,James Madison,4,14,NPL,
2026,8,4,Feed League Division 2,Liberty,Hawaii,5,11,NPL,
2026,8,4,Feed League Division 2,Eastern Michigan,Memphis,9,1,NPL,
2026,8,4,Feed League Division 2,Louisiana Tech,UL Monroe,6,15,NPL,
2026,8,4,Feed League Division 2,North Alabama,Montana State,17,16,NPL,
2026,8,4,Feed League Division 2,Rice,Central Michigan,3,8,NPL,
2026,8,4,Feed League Division 2,North Dakota State,Buffalo,18,7,NPL,
2026,8,4,Feed League Division 2,Fresno State,North Texas,10,2,NPL,
2026,9,4,Feed League Division 2,Central Michigan,Fresno State,8,10,NPL,
2026,9,4,Feed League Division 2,UL Monroe,Kennesaw State,15,4,NPL,
2026,9,4,Feed League Division 2,James Madison,North Dakota State,14,18,NPL,
2026,9,4,Feed League Division 2,Buffalo,Nevada,7,12,NPL,
2026,9,4,Feed League Division 2,Hawaii,Louisiana Tech,11,6,NPL,
2026,9,4,Feed League Division 2,Georgia State,Eastern Michigan,13,9,NPL,
2026,9,4,Feed League Division 2,Memphis,North Alabama,1,17,NPL,
2026,9,4,Feed League Division 2,North Texas,Liberty,2,5,NPL,
2026,9,4,Feed League Division 2,Montana State,Rice,16,3,NPL,
2026,10,4,Feed League Division 2,Nevada,James Madison,12,14,NPL,
2026,10,4,Feed League Division 2,Kennesaw State,Louisiana Tech,4,6,NPL,
2026,10,4,Feed League Division 2,Rice,Memphis,3,1,NPL,
2026,10,4,Feed League Division 2,North Alabama,Georgia State,17,13,NPL,
2026,10,4,Feed League Division 2,North Dakota State,UL Monroe,18,15,NPL,
2026,10,4,Feed League Division 2,North Texas,Hawaii,2,11,NPL,
2026,10,4,Feed League Division 2,Eastern Michigan,Buffalo,9,7,NPL,
2026,10,4,Feed League Division 2,Fresno State,Montana State,10,16,NPL,
2026,10,4,Feed League Division 2,Liberty,Central Michigan,5,8,NPL,
2026,11,4,Feed League Division 2,Memphis,Fresno State,1,10,NPL,
2026,11,4,Feed League Division 2,James Madison,Eastern Michigan,14,9,NPL,
2026,11,4,Feed League Division 2,Louisiana Tech,North Dakota State,6,18,NPL,
2026,11,4,Feed League Division 2,Central Michigan,North Texas,8,2,NPL,
2026,11,4,Feed League Division 2,Hawaii,Kennesaw State,11,4,NPL,
2026,11,4,Feed League Division 2,Montana State,Liberty,16,5,NPL,
2026,11,4,Feed League Division 2,UL Monroe,Nevada,15,12,NPL,
2026,11,4,Feed League Division 2,Buffalo,North Alabama,7,17,NPL,
2026,11,4,Feed League Division 2,Georgia State,Rice,13,3,NPL,
2026,12,4,Feed League Division 2,North Texas,Montana State,2,16,NPL,
2026,12,4,Feed League Division 2,Liberty,Memphis,5,1,NPL,
2026,12,4,Feed League Division 2,North Dakota State,Kennesaw State,18,4,NPL,
2026,12,4,Feed League Division 2,North Alabama,James Madison,17,14,NPL,
2026,12,4,Feed League Division 2,Eastern Michigan,UL Monroe,9,15,NPL,
2026,12,4,Feed League Division 2,Fresno State,Georgia State,10,13,NPL,
2026,12,4,Feed League Division 2,Central Michigan,Hawaii,8,11,NPL,
2026,12,4,Feed League Division 2,Rice,Buffalo,3,7,NPL,
2026,12,4,Feed League Division 2,Nevada,Louisiana Tech,12,6,NPL,
2026,13,4,Feed League Division 2,Louisiana Tech,Eastern Michigan,6,9,NPL,
2026,13,4,Feed League Division 2,Buffalo,Fresno State,7,10,NPL,
2026,13,4,Feed League Division 2,Memphis,North Texas,1,2,NPL,
2026,13,4,Feed League Division 2,Georgia State,Liberty,13,5,NPL,
2026,13,4,Feed League Division 2,Kennesaw State,Nevada,4,12,NPL,
2026,13,4,Feed League Division 2,UL Monroe,North Alabama,15,17,NPL,
2026,13,4,Feed League Division 2,Montana State,Central Michigan,16,8,NPL,
2026,13,4,Feed League Division 2,Hawaii,North Dakota State,11,18,NPL,
2026,13,4,Feed League Division 2,James Madison,Rice,14,3,NPL,
2026,14,4,Feed League Division 2,Rice,UL Monroe,3,15,NPL,
2026,14,4,Feed League Division 2,Eastern Michigan,Kennesaw State,9,4,NPL,
2026,14,4,Feed League Division 2,Nevada,North Dakota State,12,18,NPL,
2026,14,4,Feed League Division 2,Liberty,Buffalo,5,7,NPL,
2026,14,4,Feed League Division 2,North Alabama,Louisiana Tech,17,6,NPL,
2026,14,4,Feed League Division 2,Central Michigan,Memphis,8,1,NPL,
2026,14,4,Feed League Division 2,Fresno State,James Madison,10,14,NPL,
2026,14,4,Feed League Division 2,North Texas,Georgia State,2,13,NPL,
2026,14,4,Feed League Division 2,Montana State,Hawaii,16,11,NPL,
2026,15,4,Feed League Division 2,Louisiana Tech,Rice,6,3,NPL,
2026,15,4,Feed League Division 2,Kennesaw State,North Alabama,4,17,NPL,
2026,15,4,Feed League Division 2,James Madison,Liberty,14,5,NPL,
2026,15,4,Feed League Division 2,Memphis,Montana State,1,16,NPL,
2026,15,4,Feed League Division 2,Hawaii,Nevada,11,12,NPL,
2026,15,4,Feed League Division 2,Buffalo,North Texas,7,2,NPL,
2026,15,4,Feed League Division 2,North Dakota State,Eastern Michigan,18,9,NPL,
2026,15,4,Feed League Division 2,UL Monroe,Fresno State,15,10,NPL,
2026,15,4,Feed League Division 2,Georgia State,Central Michigan,13,8,NPL,
2026,16,4,Feed League Division 2,Rice,Kennesaw State,3,4,NPL,
2026,16,4,Feed League Division 2,Central Michigan,Buffalo,8,7,NPL,
2026,16,4,Feed League Division 2,Montana State,Georgia State,16,13,NPL,
2026,16,4,Feed League Division 2,Memphis,Hawaii,1,11,NPL,
2026,16,4,Feed League Division 2,Fresno State,Louisiana Tech,10,6,NPL,
2026,16,4,Feed League Division 2,North Texas,James Madison,2,14,NPL,
2026,16,4,Feed League Division 2,Liberty,UL Monroe,5,15,NPL,
2026,16,4,Feed League Division 2,Eastern Michigan,Nevada,9,12,NPL,
2026,16,4,Feed League Division 2,North Alabama,North Dakota State,17,18,NPL,
2026,17,4,Feed League Division 2,James Madison,Central Michigan,14,8,NPL,
2026,17,4,Feed League Division 2,Hawaii,Eastern Michigan,11,9,NPL,
2026,17,4,Feed League Division 2,Georgia State,Memphis,13,1,NPL,
2026,17,4,Feed League Division 2,North Dakota State,Rice,18,3,NPL,
2026,17,4,Feed League Division 2,Louisiana Tech,Liberty,6,5,NPL,
2026,17,4,Feed League Division 2,Nevada,North Alabama,12,17,NPL,
2026,17,4,Feed League Division 2,Buffalo,Montana State,7,16,NPL,
2026,17,4,Feed League Division 2,Kennesaw State,Fresno State,4,10,NPL,
2026,17,4,Feed League Division 2,UL Monroe,North Texas,15,2,NPL,
2026,1,4,Feed League Division 3,Temple,New Mexico State,2,6,NPL,
2026,1,4,Feed League Division 3,Middle Tennessee,Missouri State,4,5,NPL,
2026,1,4,Feed League Division 3,San Jose State,Tulane,12,3,NPL,
2026,1,4,Feed League Division 3,Sacramento State,Old Dominion,16,14,NPL,
2026,1,4,Feed League Division 3,Northern Illinois,South Dakota State,9,17,NPL,
2026,1,4,Feed League Division 3,San Diego State,Marshall,11,13,NPL,
2026,1,4,Feed League Division 3,Tarleton State,New Mexico,18,10,NPL,
2026,1,4,Feed League Division 3,South Florida,Kent State,1,7,NPL,
2026,1,4,Feed League Division 3,Miami (OH),South Alabama,8,15,NPL,
2026,2,4,Feed League Division 3,Kent State,Marshall,7,13,NPL,
2026,2,4,Feed League Division 3,Missouri State,Tarleton State,5,18,NPL,
2026,2,4,Feed League Division 3,South Alabama,Sacramento State,15,16,NPL,
2026,2,4,Feed League Division 3,New Mexico,San Jose State,10,12,NPL,
2026,2,4,Feed League Division 3,Middle Tennessee,Temple,4,2,NPL,
2026,2,4,Feed League Division 3,Tulane,Northern Illinois,3,9,NPL,
2026,2,4,Feed League Division 3,South Dakota State,San Diego State,17,11,NPL,
2026,2,4,Feed League Division 3,New Mexico State,Miami (OH),6,8,NPL,
2026,2,4,Feed League Division 3,Old Dominion,South Florida,14,1,NPL,
2026,3,4,Feed League Division 3,San Diego State,Kent State,11,7,NPL,
2026,3,4,Feed League Division 3,Temple,Tarleton State,2,18,NPL,
2026,3,4,Feed League Division 3,Marshall,Old Dominion,13,14,NPL,
2026,3,4,Feed League Division 3,South Florida,South Alabama,1,15,NPL,
2026,3,4,Feed League Division 3,South Dakota State,Tulane,17,3,NPL,
2026,3,4,Feed League Division 3,San Jose State,Missouri State,12,5,NPL,
2026,3,4,Feed League Division 3,Sacramento State,New Mexico State,16,6,NPL,
2026,3,4,Feed League Division 3,Miami (OH),Middle Tennessee,8,4,NPL,
2026,3,4,Feed League Division 3,Northern Illinois,New Mexico,9,10,NPL,
2026,4,4,Feed League Division 3,New Mexico,South Dakota State,10,17,NPL,
2026,4,4,Feed League Division 3,Middle Tennessee,Sacramento State,4,16,NPL,
2026,4,4,Feed League Division 3,Missouri State,Northern Illinois,5,9,NPL,
2026,4,4,Feed League Division 3,South Alabama,Marshall,15,13,NPL,
2026,4,4,Feed League Division 3,Tarleton State,Miami (OH),18,8,NPL,
2026,4,4,Feed League Division 3,San Jose State,Temple,12,2,NPL,
2026,4,4,Feed League Division 3,Tulane,San Diego State,3,11,NPL,
2026,4,4,Feed League Division 3,Old Dominion,Kent State,14,7,NPL,
2026,4,4,Feed League Division 3,New Mexico State,South Florida,6,1,NPL,
2026,5,4,Feed League Division 3,Marshall,New Mexico State,13,6,NPL,
2026,5,4,Feed League Division 3,Kent State,South Alabama,7,15,NPL,
2026,5,4,Feed League Division 3,South Florida,Middle Tennessee,1,4,NPL,
2026,5,4,Feed League Division 3,Tulane,New Mexico,3,10,NPL,
2026,5,4,Feed League Division 3,South Dakota State,Missouri State,17,5,NPL,
2026,5,4,Feed League Division 3,San Diego State,Old Dominion,11,14,NPL,
2026,5,4,Feed League Division 3,Temple,Northern Illinois,2,9,NPL,
2026,5,4,Feed League Division 3,Miami (OH),San Jose State,8,12,NPL,
2026,5,4,Feed League Division 3,Sacramento State,Tarleton State,16,18,NPL,
2026,6,4,Feed League Division 3,Northern Illinois,Miami (OH),9,8,NPL,
2026,6,4,Feed League Division 3,New Mexico,San Diego State,10,11,NPL,
2026,6,4,Feed League Division 3,Missouri State,Tulane,5,3,NPL,
2026,6,4,Feed League Division 3,South Dakota State,Temple,17,2,NPL,
2026,6,4,Feed League Division 3,Middle Tennessee,Marshall,4,13,NPL,
2026,6,4,Feed League Division 3,San Jose State,Sacramento State,12,16,NPL,
2026,6,4,Feed League Division 3,South Alabama,Old Dominion,15,14,NPL,
2026,6,4,Feed League Division 3,New Mexico State,Kent State,6,7,NPL,
2026,6,4,Feed League Division 3,Tarleton State,South Florida,18,1,NPL,
2026,7,4,Feed League Division 3,Marshall,Tarleton State,13,18,NPL,
2026,7,4,Feed League Division 3,Sacramento State,Northern Illinois,16,9,NPL,
2026,7,4,Feed League Division 3,San Diego State,South Alabama,11,15,NPL,
2026,7,4,Feed League Division 3,South Florida,San Jose State,1,12,NPL,
2026,7,4,Feed League Division 3,New Mexico,Missouri State,10,5,NPL,
2026,7,4,Feed League Division 3,Old Dominion,New Mexico State,14,6,NPL,
2026,7,4,Feed League Division 3,Temple,Tulane,2,3,NPL,
2026,7,4,Feed League Division 3,Miami (OH),South Dakota State,8,17,NPL,
2026,7,4,Feed League Division 3,Kent State,Middle Tennessee,7,4,NPL,
2026,8,4,Feed League Division 3,San Jose State,Marshall,12,13,NPL,
2026,8,4,Feed League Division 3,Middle Tennessee,Old Dominion,4,14,NPL,
2026,8,4,Feed League Division 3,Missouri State,San Diego State,5,11,NPL,
2026,8,4,Feed League Division 3,Northern Illinois,South Florida,9,1,NPL,
2026,8,4,Feed League Division 3,New Mexico State,South Alabama,6,15,NPL,
2026,8,4,Feed League Division 3,South Dakota State,Sacramento State,17,16,NPL,
2026,8,4,Feed League Division 3,Tulane,Miami (OH),3,8,NPL,
2026,8,4,Feed League Division 3,Tarleton State,Kent State,18,7,NPL,
2026,8,4,Feed League Division 3,New Mexico,Temple,10,2,NPL,
2026,9,4,Feed League Division 3,Miami (OH),New Mexico,8,10,NPL,
2026,9,4,Feed League Division 3,South Alabama,Middle Tennessee,15,4,NPL,
2026,9,4,Feed League Division 3,Old Dominion,Tarleton State,14,18,NPL,
2026,9,4,Feed League Division 3,Kent State,San Jose State,7,12,NPL,
2026,9,4,Feed League Division 3,San Diego State,New Mexico State,11,6,NPL,
2026,9,4,Feed League Division 3,Marshall,Northern Illinois,13,9,NPL,
2026,9,4,Feed League Division 3,South Florida,South Dakota State,1,17,NPL,
2026,9,4,Feed League Division 3,Temple,Missouri State,2,5,NPL,
2026,9,4,Feed League Division 3,Sacramento State,Tulane,16,3,NPL,
2026,10,4,Feed League Division 3,San Jose State,Old Dominion,12,14,NPL,
2026,10,4,Feed League Division 3,Middle Tennessee,New Mexico State,4,6,NPL,
2026,10,4,Feed League Division 3,Tulane,South Florida,3,1,NPL,
2026,10,4,Feed League Division 3,South Dakota State,Marshall,17,13,NPL,
2026,10,4,Feed League Division 3,Tarleton State,South Alabama,18,15,NPL,
2026,10,4,Feed League Division 3,Temple,San Diego State,2,11,NPL,
2026,10,4,Feed League Division 3,Northern Illinois,Kent State,9,7,NPL,
2026,10,4,Feed League Division 3,New Mexico,Sacramento State,10,16,NPL,
2026,10,4,Feed League Division 3,Missouri State,Miami (OH),5,8,NPL,
2026,11,4,Feed League Division 3,South Florida,New Mexico,1,10,NPL,
2026,11,4,Feed League Division 3,Old Dominion,Northern Illinois,14,9,NPL,
2026,11,4,Feed League Division 3,New Mexico State,Tarleton State,6,18,NPL,
2026,11,4,Feed League Division 3,Miami (OH),Temple,8,2,NPL,
2026,11,4,Feed League Division 3,San Diego State,Middle Tennessee,11,4,NPL,
2026,11,4,Feed League Division 3,Sacramento State,Missouri State,16,5,NPL,
2026,11,4,Feed League Division 3,South Alabama,San Jose State,15,12,NPL,
2026,11,4,Feed League Division 3,Kent State,South Dakota State,7,17,NPL,
2026,11,4,Feed League Division 3,Marshall,Tulane,13,3,NPL,
2026,12,4,Feed League Division 3,Temple,Sacramento State,2,16,NPL,
2026,12,4,Feed League Division 3,Missouri State,South Florida,5,1,NPL,
2026,12,4,Feed League Division 3,Tarleton State,Middle Tennessee,18,4,NPL,
2026,12,4,Feed League Division 3,South Dakota State,Old Dominion,17,14,NPL,
2026,12,4,Feed League Division 3,Northern Illinois,South Alabama,9,15,NPL,
2026,12,4,Feed League Division 3,New Mexico,Marshall,10,13,NPL,
2026,12,4,Feed League Division 3,Miami (OH),San Diego State,8,11,NPL,
2026,12,4,Feed League Division 3,Tulane,Kent State,3,7,NPL,
2026,12,4,Feed League Division 3,San Jose State,New Mexico State,12,6,NPL,
2026,13,4,Feed League Division 3,New Mexico State,Northern Illinois,6,9,NPL,
2026,13,4,Feed League Division 3,Kent State,New Mexico,7,10,NPL,
2026,13,4,Feed League Division 3,South Florida,Temple,1,2,NPL,
2026,13,4,Feed League Division 3,Marshall,Missouri State,13,5,NPL,
2026,13,4,Feed League Division 3,Middle Tennessee,San Jose State,4,12,NPL,
2026,13,4,Feed League Division 3,South Alabama,South Dakota State,15,17,NPL,
2026,13,4,Feed League Division 3,Sacramento State,Miami (OH),16,8,NPL,
2026,13,4,Feed League Division 3,San Diego State,Tarleton State,11,18,NPL,
2026,13,4,Feed League Division 3,Old Dominion,Tulane,14,3,NPL,
2026,14,4,Feed League Division 3,Tulane,South Alabama,3,15,NPL,
2026,14,4,Feed League Division 3,Northern Illinois,Middle Tennessee,9,4,NPL,
2026,14,4,Feed League Division 3,San Jose State,Tarleton State,12,18,NPL,
2026,14,4,Feed League Division 3,Missouri State,Kent State,5,7,NPL,
2026,14,4,Feed League Division 3,South Dakota State,New Mexico State,17,6,NPL,
2026,14,4,Feed League Division 3,Miami (OH),South Florida,8,1,NPL,
2026,14,4,Feed League Division 3,New Mexico,Old Dominion,10,14,NPL,
2026,14,4,Feed League Division 3,Temple,Marshall,2,13,NPL,
2026,14,4,Feed League Division 3,Sacramento State,San Diego State,16,11,NPL,
2026,15,4,Feed League Division 3,New Mexico State,Tulane,6,3,NPL,
2026,15,4,Feed League Division 3,Middle Tennessee,South Dakota State,4,17,NPL,
2026,15,4,Feed League Division 3,Old Dominion,Missouri State,14,5,NPL,
2026,15,4,Feed League Division 3,South Florida,Sacramento State,1,16,NPL,
2026,15,4,Feed League Division 3,San Diego State,San Jose State,11,12,NPL,
2026,15,4,Feed League Division 3,Kent State,Temple,7,2,NPL,
2026,15,4,Feed League Division 3,Tarleton State,Northern Illinois,18,9,NPL,
2026,15,4,Feed League Division 3,South Alabama,New Mexico,15,10,NPL,
2026,15,4,Feed League Division 3,Marshall,Miami (OH),13,8,NPL,
2026,16,4,Feed League Division 3,Tulane,Middle Tennessee,3,4,NPL,
2026,16,4,Feed League Division 3,Miami (OH),Kent State,8,7,NPL,
2026,16,4,Feed League Division 3,Sacramento State,Marshall,16,13,NPL,
2026,16,4,Feed League Division 3,South Florida,San Diego State,1,11,NPL,
2026,16,4,Feed League Division 3,New Mexico,New Mexico State,10,6,NPL,
2026,16,4,Feed League Division 3,Temple,Old Dominion,2,14,NPL,
2026,16,4,Feed League Division 3,Missouri State,South Alabama,5,15,NPL,
2026,16,4,Feed League Division 3,Northern Illinois,San Jose State,9,12,NPL,
2026,16,4,Feed League Division 3,South Dakota State,Tarleton State,17,18,NPL,
2026,17,4,Feed League Division 3,Old Dominion,Miami (OH),14,8,NPL,
2026,17,4,Feed League Division 3,San Diego State,Northern Illinois,11,9,NPL,
2026,17,4,Feed League Division 3,Marshall,South Florida,13,1,NPL,
2026,17,4,Feed League Division 3,Tarleton State,Tulane,18,3,NPL,
2026,17,4,Feed League Division 3,New Mexico State,Missouri State,6,5,NPL,
2026,17,4,Feed League Division 3,San Jose State,South Dakota State,12,17,NPL,
2026,17,4,Feed League Division 3,Kent State,Sacramento State,7,16,NPL,
2026,17,4,Feed League Division 3,Middle Tennessee,New Mexico,4,10,NPL,
2026,17,4,Feed League Division 3,South Alabama,Temple,15,2,NPL,
2026,1,4,Feed League Division 4,UAB,Western Kentucky,2,6,NPL,
2026,1,4,Feed League Division 4,Sam Houston,UTEP,4,5,NPL,
2026,1,4,Feed League Division 4,Wyoming,UTSA,12,3,NPL,
2026,1,4,Feed League Division 4,UC Davis,Texas State,16,14,NPL,
2026,1,4,Feed League Division 4,Western Michigan,UConn,9,17,NPL,
2026,1,4,Feed League Division 4,Utah State,Southern Miss,11,13,NPL,
2026,1,4,Feed League Division 4,UMass,UNLV,18,10,NPL,
2026,1,4,Feed League Division 4,Tulsa,Ohio,1,7,NPL,
2026,1,4,Feed League Division 4,Toledo,Troy,8,15,NPL,
2026,2,4,Feed League Division 4,Ohio,Southern Miss,7,13,NPL,
2026,2,4,Feed League Division 4,UTEP,UMass,5,18,NPL,
2026,2,4,Feed League Division 4,Troy,UC Davis,15,16,NPL,
2026,2,4,Feed League Division 4,UNLV,Wyoming,10,12,NPL,
2026,2,4,Feed League Division 4,Sam Houston,UAB,4,2,NPL,
2026,2,4,Feed League Division 4,UTSA,Western Michigan,3,9,NPL,
2026,2,4,Feed League Division 4,UConn,Utah State,17,11,NPL,
2026,2,4,Feed League Division 4,Western Kentucky,Toledo,6,8,NPL,
2026,2,4,Feed League Division 4,Texas State,Tulsa,14,1,NPL,
2026,3,4,Feed League Division 4,Utah State,Ohio,11,7,NPL,
2026,3,4,Feed League Division 4,UAB,UMass,2,18,NPL,
2026,3,4,Feed League Division 4,Southern Miss,Texas State,13,14,NPL,
2026,3,4,Feed League Division 4,Tulsa,Troy,1,15,NPL,
2026,3,4,Feed League Division 4,UConn,UTSA,17,3,NPL,
2026,3,4,Feed League Division 4,Wyoming,UTEP,12,5,NPL,
2026,3,4,Feed League Division 4,UC Davis,Western Kentucky,16,6,NPL,
2026,3,4,Feed League Division 4,Toledo,Sam Houston,8,4,NPL,
2026,3,4,Feed League Division 4,Western Michigan,UNLV,9,10,NPL,
2026,4,4,Feed League Division 4,UNLV,UConn,10,17,NPL,
2026,4,4,Feed League Division 4,Sam Houston,UC Davis,4,16,NPL,
2026,4,4,Feed League Division 4,UTEP,Western Michigan,5,9,NPL,
2026,4,4,Feed League Division 4,Troy,Southern Miss,15,13,NPL,
2026,4,4,Feed League Division 4,UMass,Toledo,18,8,NPL,
2026,4,4,Feed League Division 4,Wyoming,UAB,12,2,NPL,
2026,4,4,Feed League Division 4,UTSA,Utah State,3,11,NPL,
2026,4,4,Feed League Division 4,Texas State,Ohio,14,7,NPL,
2026,4,4,Feed League Division 4,Western Kentucky,Tulsa,6,1,NPL,
2026,5,4,Feed League Division 4,Southern Miss,Western Kentucky,13,6,NPL,
2026,5,4,Feed League Division 4,Ohio,Troy,7,15,NPL,
2026,5,4,Feed League Division 4,Tulsa,Sam Houston,1,4,NPL,
2026,5,4,Feed League Division 4,UTSA,UNLV,3,10,NPL,
2026,5,4,Feed League Division 4,UConn,UTEP,17,5,NPL,
2026,5,4,Feed League Division 4,Utah State,Texas State,11,14,NPL,
2026,5,4,Feed League Division 4,UAB,Western Michigan,2,9,NPL,
2026,5,4,Feed League Division 4,Toledo,Wyoming,8,12,NPL,
2026,5,4,Feed League Division 4,UC Davis,UMass,16,18,NPL,
2026,6,4,Feed League Division 4,Western Michigan,Toledo,9,8,NPL,
2026,6,4,Feed League Division 4,UNLV,Utah State,10,11,NPL,
2026,6,4,Feed League Division 4,UTEP,UTSA,5,3,NPL,
2026,6,4,Feed League Division 4,UConn,UAB,17,2,NPL,
2026,6,4,Feed League Division 4,Sam Houston,Southern Miss,4,13,NPL,
2026,6,4,Feed League Division 4,Wyoming,UC Davis,12,16,NPL,
2026,6,4,Feed League Division 4,Troy,Texas State,15,14,NPL,
2026,6,4,Feed League Division 4,Western Kentucky,Ohio,6,7,NPL,
2026,6,4,Feed League Division 4,UMass,Tulsa,18,1,NPL,
2026,7,4,Feed League Division 4,Southern Miss,UMass,13,18,NPL,
2026,7,4,Feed League Division 4,UC Davis,Western Michigan,16,9,NPL,
2026,7,4,Feed League Division 4,Utah State,Troy,11,15,NPL,
2026,7,4,Feed League Division 4,Tulsa,Wyoming,1,12,NPL,
2026,7,4,Feed League Division 4,UNLV,UTEP,10,5,NPL,
2026,7,4,Feed League Division 4,Texas State,Western Kentucky,14,6,NPL,
2026,7,4,Feed League Division 4,UAB,UTSA,2,3,NPL,
2026,7,4,Feed League Division 4,Toledo,UConn,8,17,NPL,
2026,7,4,Feed League Division 4,Ohio,Sam Houston,7,4,NPL,
2026,8,4,Feed League Division 4,Wyoming,Southern Miss,12,13,NPL,
2026,8,4,Feed League Division 4,Sam Houston,Texas State,4,14,NPL,
2026,8,4,Feed League Division 4,UTEP,Utah State,5,11,NPL,
2026,8,4,Feed League Division 4,Western Michigan,Tulsa,9,1,NPL,
2026,8,4,Feed League Division 4,Western Kentucky,Troy,6,15,NPL,
2026,8,4,Feed League Division 4,UConn,UC Davis,17,16,NPL,
2026,8,4,Feed League Division 4,UTSA,Toledo,3,8,NPL,
2026,8,4,Feed League Division 4,UMass,Ohio,18,7,NPL,
2026,8,4,Feed League Division 4,UNLV,UAB,10,2,NPL,
2026,9,4,Feed League Division 4,Toledo,UNLV,8,10,NPL,
2026,9,4,Feed League Division 4,Troy,Sam Houston,15,4,NPL,
2026,9,4,Feed League Division 4,Texas State,UMass,14,18,NPL,
2026,9,4,Feed League Division 4,Ohio,Wyoming,7,12,NPL,
2026,9,4,Feed League Division 4,Utah State,Western Kentucky,11,6,NPL,
2026,9,4,Feed League Division 4,Southern Miss,Western Michigan,13,9,NPL,
2026,9,4,Feed League Division 4,Tulsa,UConn,1,17,NPL,
2026,9,4,Feed League Division 4,UAB,UTEP,2,5,NPL,
2026,9,4,Feed League Division 4,UC Davis,UTSA,16,3,NPL,
2026,10,4,Feed League Division 4,Wyoming,Texas State,12,14,NPL,
2026,10,4,Feed League Division 4,Sam Houston,Western Kentucky,4,6,NPL,
2026,10,4,Feed League Division 4,UTSA,Tulsa,3,1,NPL,
2026,10,4,Feed League Division 4,UConn,Southern Miss,17,13,NPL,
2026,10,4,Feed League Division 4,UMass,Troy,18,15,NPL,
2026,10,4,Feed League Division 4,UAB,Utah State,2,11,NPL,
2026,10,4,Feed League Division 4,Western Michigan,Ohio,9,7,NPL,
2026,10,4,Feed League Division 4,UNLV,UC Davis,10,16,NPL,
2026,10,4,Feed League Division 4,UTEP,Toledo,5,8,NPL,
2026,11,4,Feed League Division 4,Tulsa,UNLV,1,10,NPL,
2026,11,4,Feed League Division 4,Texas State,Western Michigan,14,9,NPL,
2026,11,4,Feed League Division 4,Western Kentucky,UMass,6,18,NPL,
2026,11,4,Feed League Division 4,Toledo,UAB,8,2,NPL,
2026,11,4,Feed League Division 4,Utah State,Sam Houston,11,4,NPL,
2026,11,4,Feed League Division 4,UC Davis,UTEP,16,5,NPL,
2026,11,4,Feed League Division 4,Troy,Wyoming,15,12,NPL,
2026,11,4,Feed League Division 4,Ohio,UConn,7,17,NPL,
2026,11,4,Feed League Division 4,Southern Miss,UTSA,13,3,NPL,
2026,12,4,Feed League Division 4,UAB,UC Davis,2,16,NPL,
2026,12,4,Feed League Division 4,UTEP,Tulsa,5,1,NPL,
2026,12,4,Feed League Division 4,UMass,Sam Houston,18,4,NPL,
2026,12,4,Feed League Division 4,UConn,Texas State,17,14,NPL,
2026,12,4,Feed League Division 4,Western Michigan,Troy,9,15,NPL,
2026,12,4,Feed League Division 4,UNLV,Southern Miss,10,13,NPL,
2026,12,4,Feed League Division 4,Toledo,Utah State,8,11,NPL,
2026,12,4,Feed League Division 4,UTSA,Ohio,3,7,NPL,
2026,12,4,Feed League Division 4,Wyoming,Western Kentucky,12,6,NPL,
2026,13,4,Feed League Division 4,Western Kentucky,Western Michigan,6,9,NPL,
2026,13,4,Feed League Division 4,Ohio,UNLV,7,10,NPL,
2026,13,4,Feed League Division 4,Tulsa,UAB,1,2,NPL,
2026,13,4,Feed League Division 4,Southern Miss,UTEP,13,5,NPL,
2026,13,4,Feed League Division 4,Sam Houston,Wyoming,4,12,NPL,
2026,13,4,Feed League Division 4,Troy,UConn,15,17,NPL,
2026,13,4,Feed League Division 4,UC Davis,Toledo,16,8,NPL,
2026,13,4,Feed League Division 4,Utah State,UMass,11,18,NPL,
2026,13,4,Feed League Division 4,Texas State,UTSA,14,3,NPL,
2026,14,4,Feed League Division 4,UTSA,Troy,3,15,NPL,
2026,14,4,Feed League Division 4,Western Michigan,Sam Houston,9,4,NPL,
2026,14,4,Feed League Division 4,Wyoming,UMass,12,18,NPL,
2026,14,4,Feed League Division 4,UTEP,Ohio,5,7,NPL,
2026,14,4,Feed League Division 4,UConn,Western Kentucky,17,6,NPL,
2026,14,4,Feed League Division 4,Toledo,Tulsa,8,1,NPL,
2026,14,4,Feed League Division 4,UNLV,Texas State,10,14,NPL,
2026,14,4,Feed League Division 4,UAB,Southern Miss,2,13,NPL,
2026,14,4,Feed League Division 4,UC Davis,Utah State,16,11,NPL,
2026,15,4,Feed League Division 4,Western Kentucky,UTSA,6,3,NPL,
2026,15,4,Feed League Division 4,Sam Houston,UConn,4,17,NPL,
2026,15,4,Feed League Division 4,Texas State,UTEP,14,5,NPL,
2026,15,4,Feed League Division 4,Tulsa,UC Davis,1,16,NPL,
2026,15,4,Feed League Division 4,Utah State,Wyoming,11,12,NPL,
2026,15,4,Feed League Division 4,Ohio,UAB,7,2,NPL,
2026,15,4,Feed League Division 4,UMass,Western Michigan,18,9,NPL,
2026,15,4,Feed League Division 4,Troy,UNLV,15,10,NPL,
2026,15,4,Feed League Division 4,Southern Miss,Toledo,13,8,NPL,
2026,16,4,Feed League Division 4,UTSA,Sam Houston,3,4,NPL,
2026,16,4,Feed League Division 4,Toledo,Ohio,8,7,NPL,
2026,16,4,Feed League Division 4,UC Davis,Southern Miss,16,13,NPL,
2026,16,4,Feed League Division 4,Tulsa,Utah State,1,11,NPL,
2026,16,4,Feed League Division 4,UNLV,Western Kentucky,10,6,NPL,
2026,16,4,Feed League Division 4,UAB,Texas State,2,14,NPL,
2026,16,4,Feed League Division 4,UTEP,Troy,5,15,NPL,
2026,16,4,Feed League Division 4,Western Michigan,Wyoming,9,12,NPL,
2026,16,4,Feed League Division 4,UConn,UMass,17,18,NPL,
2026,17,4,Feed League Division 4,Texas State,Toledo,14,8,NPL,
2026,17,4,Feed League Division 4,Utah State,Western Michigan,11,9,NPL,
2026,17,4,Feed League Division 4,Southern Miss,Tulsa,13,1,NPL,
2026,17,4,Feed League Division 4,UMass,UTSA,18,3,NPL,
2026,17,4,Feed League Division 4,Western Kentucky,UTEP,6,5,NPL,
2026,17,4,Feed League Division 4,Wyoming,UConn,12,17,NPL,
2026,17,4,Feed League Division 4,Ohio,UC Davis,7,16,NPL,
2026,17,4,Feed League Division 4,Sam Houston,UNLV,4,10,NPL,
2026,17,4,Feed League Division 4,Troy,UAB,15,2,NPL,
